,index,comment_origin,label
0,10864,말이 필요 없어요. 너무 좋았습니다 !,1
1,27061,이나라 윌리엄스.. 때문에 봤다,1
2,10580,다 나름 좋네요 .....,1
3,22168,진짜 재미있어요 ㅠㅠ! 2번이나 봤음..,1
4,25162,혁명을 위해 달려가는 드라마적 구성이 너무 좋다! 생략되고 그대로 혁명이 나왔다면 이야기의 완성도가 많이 떨어졌을 것이다. 이 이야기를 그대로 기억하고 part2를 봐야할 것! part2와 합쳐야 완전한 영화 하나로 평가할수 있을것 같다!,1
5,12756,관능적영화좋아하지않지만...일본의아름다운시골풍경도보고싶고...왠지스토리전개가궁금해지는(sm작가)상영관에가서스크린으로꼭봐야겠슴!!!,1
6,900,기무라 가족은 멸망해야 한다능,1
7,22680,니노 팬이라서 봤는데 괜찮긴 한데 책의 내용과 많이 벗어나서 좀 그랬음....좀 많이 벗어나서... 책 겁나 재밌었는데ㅠㅠ,1
8,9326,장면들은 그냥 스치듯 지나가지만 모든 장면에 공감하고 감동할 수 밖에..,1
9,124,재미 반 기대 반이네요 ㅎㅎ 더욱 기대합니다,1
10,28660,나만 낚일순 없지....,1
11,11662,일반 남자가 시각장애를 가진 여자를 사랑하다니 감동적이었습니다. 수화 .. ㅎㅎ,1
12,12705,마지막 경찰포위속에서 춤추며 총 집는 씬!! 카~~ 예술이지,1
13,19891,아이들이 재밋으면 되는거다,1
14,15210,"인생을 다시 생각하게 하는군요 ㅠ,ㅠ",1
15,27938,젊은 시절 13번을 보았던 사랑스럽고 슬픈 영화,1
16,24109,인간적인 이야기,1
17,5035,꽤좋았어요,1
18,4952,소통의 단절. 1류와 3류의 허구성.,1
19,6692,"분명 10점짜리 영화는 아니지만 한시도 눈을뗄수없는 긴장감과 훈훈한 결말이 보는 내내 재미있었다. 개연성 등의 문제로 대작은 될 수 없지만 가족,친구끼리 재미있게 볼수있는 꿀영화",1
20,24752,전 처음부터 꿀잼ㅋㅋ 아이유 홧팅,1
21,1702,진짜 쫄깃쫄깃하다 액션두 최고!!!,1
22,2363,영화중에 제일 최고 재밌음♥,1
23,22750,재밌게 잘 봤습니다.,1
24,6483,아놔 올레티비에서 이영화없어진지 꽤됬는데 올레티비짱나네 언제다시 올려줄꺼임,1
25,28281,나름 생각하게 해주는 영화다,1
26,23975,프랑스의 기억을 떠올리려 본영화였지만..내용이 재밌어서 빠져서 봤습니다~재밌는 영화에요,1
27,1536,최고였지,1
28,7373,사기다... 100미터 달리기를 90미터 앞에서 출발했다...,1
29,28035,이거 안보면 후회함 진심 재밌다,1
30,24177,영화가 아름답습니다.이 말 한 마디면 충분할 것 같아요..보는 내내 짠하고 설레고 눈물이 흐르지만가슴이 따뜻합니다.보고난 후에도 여운이 남네요.참 아름답습니다.,1
31,7692,10초씩 빨리돌려서봐도 내용알수있는 오랫만에 대작ㅋㅋ,1
32,15547,조금 어이 없지만 바디 카운터만 봐도 이런류 치곤 매우 쓸만함.,1
33,26326,신민아 너무 귀엽게 잘봤고 류승범도 재밌게 잘봤고요 배우들이 좋아서 그런지 영화재밌는데 평론가들 평이 왜낮은지 모르겠네요,1
34,18984,계속 웃으면서 봤어요 ㅋㅋㅋ 친구들과 봐도 정말 괜찮은거 같습니다!!,1
35,712,잔잔하고 꾸밈없는 영화,1
36,18499,슬퍼요.........,1
37,16347,이영화 너무 보고 싶은데 구할 방법이 없나요?,1
38,2969,동물을 의인화한 상상력이 좋다,1
39,9116,재밋게봣음ㅋ서기짱 범수짱,1
40,16542,완전 재밌어 또 보고 싶어,1
41,1654,그냥 생각않하고 보면 개 재미있는데,1
42,21207,명작. 이 영화를 이해하려면 최소한의 나이가 필요하고 휴머니즘이 뭔지 정도는 알아야한다.,1
43,3630,영화를 보다 낮익은 주소가 나와 화들짝 놀랐습니다. 어쩌면 비슷한 시기에 비슷한 장소에서 지나쳤던 사람일 수 있겠다는 생각과 함께요. 영화 잘 봤습니다. 모두 응원합니다. 감사합니다.,1
44,27050,"장난하나 ㅋ 완전 재밌고만, 주인공의 삶이 파란만장하다. 인생 쿨하게 보낸 사람.",1
45,28617,10점까진 아니지만 현재 평점 받을정도는 아니라고 생각해서 10점줌... 7점정도가 적당한 평점,1
46,6232,웃다가도 다시 생각하면 무서운 영화,1
47,20672,오랜만에 대작 하나 건졌네~,1
48,20922,고생하면서 찍은 걸작이죠,1
49,28395,칼릴지브란의 명언을 다시 떠오르게하는 명작,1
50,14510,김명민의 모든 연기가 기대되게 만드는 작품,1
51,19774,"진짜로 행복하게 해줄지도 몰라, 이영화",1
52,16103,재미만 있더만...,1
53,4265,이것도 꽤 명작이지,1
54,7052,벌써 세번째 감상중,1
55,27722,굿굿 완전 강추!!,1
56,28862,짱CSI보다재밌어 나 구라안쳐요,1
57,17951,진짜 엄청난 시나리오와 완성도다...천재다 감독은...대박이다,1
58,10397,내게 외계인에 대한 나쁜인상을 심어준 첫TV물.,1
59,18459,보지 않은 사람은 모른다^^ 우리 동네 비디오방에 아직 생존해 있는..,1
60,7800,인간은 악을 토해내고 싶은 것일까,1
61,4276,"황정민은 올 해의 여배우, 이런 무게감의 여배우는 처음본다.. 대! 봑!",1
62,10972,최수종 드라마는 안본거라도 그냥 10점주고 다니는 1人 ㅋ,1
63,22367,자꾸봐도 잼있어요이건 소장의 가치가 있는 영화 입니다절대 상업에 찌든 영화가 아니라서 추천합니다감동적인 영화 입니다,1
64,10465,이시대의 아이들에게 보여줄수 있는 몇 안되는 국내에서 제작한 애니메이션이라 생각됨 교육적이고 클레이 애니메이션이 사라진 지금 인간미 까지 있는 애니메이션 이라 더욱이 좋은것 같습니다,1
65,28065,정말 재밌음! 최고의 영화!,1
66,15088,독특한 스토리! 진부했던 소재 '외도'가 재미있고 스릴있게 그려진 영화.,1
67,7281,2%가 부족해서 불후의 명작이 되지 못한 비운의 영화. 세기의 명작은 못 될지라도 올해의 명작 정도는 충분할 아름다운 영화.,1
68,16341,해명태자역의 남궁원과 버들역의 김지미 등 추억의 배우들의 모습에 감동.,1
69,10801,어릴때책으로보고지금영화로보니더제미있다,1
70,6782,엄마아빠의 비건전한 상상이 만들어낸 영화. 식상하지만 누가 언제 보느냐가 관건...,1
71,20070,허버굳이궁 샘 죽이지 말지 ㅡㅡ 죽일때가 기억에 남넹,1
72,23493,끝날때까지 미소를 잃지 않았어요,1
73,21457,이거진짜재밌었는데// 또보고싶다.ㅋㅋ,1
74,6158,기대안했는데 너무 잼나다 연기짱~ 내용두 탄탄하고 강추~,1
75,18160,"""설령 그가 """"김철수"""" 였다 해도 문제는 그가 아니라 이나라의 역사이다.""",1
76,4738,솔직히 재밌다 ㅋㅋ,1
77,13150,아주 잘 봤습니다.. 근대 동이 마지막 장면에서 어디에선가 본듲한 장면이...,1
78,3300,삼가고인의 명복을 빕니다,1
79,23908,역시 찰리채플린과 아이의 연기력이 가상하고 멋지다,1
80,15216,10점 줄게요. 재밌었습니다.,1
81,24660,아이들 데리구 보기에 딱좋은 영화내요 우리아들 자리에 딱 붙어서 움직이지도 않고 끝까지 보내요~~,1
82,28349,ㅎㅎ재미있어욯ㅎㅎㅎ,1
83,28030,상당히 재밌게 잘봤음~,1
84,14149,가히 최곱니다. 두여자의 사랑과 우정과 끈끈함과 용기 절절함 가슴이 저미어 오네요.,1
85,6810,재미로보지말고 쉬어간단 느낌으로봐라 마음꽉채워주는애니메이션,1
86,7492,웃음도 있도 마지막의 슬픔도 느껴지는 좋은 작품 이였습니다. 울기도 했구여,1
87,27158,순수한 인간성의 전형. 그들이 밉지 않은 이유는 착하게 사는 나와 닮았기 때문,1
88,24678,슈퍼그랜드마더들 진짜웃겼어요!!!ㅋㅋㅋ,1
89,2134,너무너무 마음이 아프다..애국가를 불러도 무섭다고하는 윤수가ㅠㅠㅠ너무 좋은 감동적인 영화를 봐서 행복하고 감독님과 배우분들 작가분들 수고많으셨어요,1
90,23944,조금 지루한면은 있다. 사실 재미는없다. 재미로 보면 안되는 영화.,1
91,24610,"스토리는 참신하나 뭔가 2프로 부족한 작품 2기는 안 나오겠지..,",1
92,14690,내평생 유일하게 욕심났던 배역이 있었다면 그것은 바로 에스퍼맨역이었다 - 알파치노,1
93,21181,강지환 소지섭에 조연배우들까지최고엿다,1
94,17776,영화가 끝나고 나면 전율이 돋는다.,1
95,21040,오늘도 역시 재밌었어요. 곧 마지막회라 넘 아쉽네용. 모든 배우분들 끝까지 홧팅!~하세요.,1
96,22144,참 좋은영화다. 느낀점 뿐만 아니라 라이언빙햄 매력있네,1
97,21227,횽.. 절라쌔시네요..,1
98,13446,도로로와하키마루랑 동행하고싶어요ㅜ,1
99,20562,결말이 다소 아쉽지만 재미있다 지대로 대박 ㅋㅋㅋㅋㅋ,1
100,22615,초반부엔 웃겼지만 후반에선 슬펐던 영화..특히 박중훈 강수연의 연기가 돋보였다,1
101,16804,꽤 잘만든 영화 ~_~,1
102,11737,이게 10점아ㅓ니면 뭐죠,1
103,2418,급우들을 향한 보네의 악수는 늘 염두해 두었던 것 같았다. 가슴이 꾸 욱 눌렸다.,1
104,26298,보고 보고 또 봐도 채플린의 천재성을 인정하게 되는 명작,1
105,2932,"인생은 새옹지마라고 했었다. 근데, 그두려움이 있어도 음악에 대한 열정이 더강했기에 도전하는 그대들 멋있습디다. 이영화 완전 추천한다. 제목이 생소하겠지만, 아무튼 날믿고들 보시오",1
106,25328,보니 아주기분이 좋아요*^^* 얼마나 재미있었다구요 또보고 싶네요^^,1
107,4055,그래 이 영화가 높은 평점을 받을수없는건 이걸보고 불쾌감을 느낀 위선자들 때문이겠지 그 평점이 니들 클라스다 위선자들아,1
108,12718,"결과를 보고 나면 좋게 좋게 서로 지하로 내려갔을 거라 생각드는데, 서로 반목하며 왕래가 끊어진게 의아스럽고, 사회시스템이나 기술력에 있어서 차이 나는 것으로 설정된게 영...",1
109,26547,진짜 재밌는데 평점 너무 낮은듯 펄펄 뛰어다니는 좀비보다 이런게훨씬낫다,1
110,6749,진짜 재밌게 봤는데 평점 왜 이래 ... ?,1
111,28288,부모님 힘들게 하던 생각이 난다.,1
112,11335,말이필요없음 ..최고..근데마지막좀허무..,1
113,23464,다코타패닝도 나오네??ㅋ 난 재밌었음,1
114,24737,귀엽고 발랄한 영화♪,1
115,5073,개인적으로 마음에 남는 게 많은 영화였어요 삶에 대해 다시 생각하게 되고...가족들과 주위 사람들에게 더 잘해줘야겠단 다짐을 하게 됐어요 근데 이제 상영관이 너무 없어서 원정 관람하러 멀리 타지역까지 가서 봤네요 홍보가 부족했는지 너무 아쉬워요ㅠㅠ,1
116,22341,유머러스함과 잔인함이 적절히 섞여있는영화랄까,1
117,3061,최근에 봤는데..색감도 너무 이쁘고..다 아는내용이지만 그래도 좋네요~,1
118,17131,테이큰2.3 감독이엇네. 콜롬비아나는 흠잡을데 없는대.테이큰2.3는 왜이리 아쉽게 만들엇지?,1
119,20795,굿바이 마이 프렌드의 냄새가 나는 정겨운 영화... 좋구나!,1
120,26784,"킴 베싱어가 직접 노래도 부르고, 정말 이쁘게 나옵니다. 추천",1
121,17598,간단하지만 힘 있는 플롯 꿀잼,1
122,1354,아직도 생각이 날정도로 재밌는 드라마. 다시 보고 싶네요ㅠ,1
123,27540,너무 어려운 어비스보다는 레비아탄이 이해도도 쉽고 재밌더군요..어비스보다는 11배,1
124,20305,아이들 있는 집 부모나 발견할 것 같은 숨은 명품 애니메이션. 재밌고 웃기고 귀엽고 슬프고 감동스러운 감정이 보는내내 사람을 들었다 놨다 한다.,1
125,15725,따뜻한물만 안챙겨줬어도...따스한 마음을 가진사람이어서 더 행복하길 바라~,1
126,8784,이제야 봤는데 너무좋았다 ㅠㅠ,1
127,25083,진정한 영웅에게 박수를 보냅니다,1
128,7530,"명료한 메시지 전달이 너무 좋고 아름다운 영상도 정말 좋습니다. 사실 처음 김기덕감독님 영화를 본건데 다른 작품이나, 김기덕 감독이 어떤사람인지 궁금하게 하는 영화입니다.",1
129,23111,"애나벨 , 컨저링 보다는 무섭진 않지만 더 재미있게 본 영화",1
130,29932,내용도 그림도 노래도 부족한 것이 하나 없어요. 최고입니다,1
131,14178,마지막 부분에 3편의 주인공들의 조인.,1
132,9922,아 마지막ㅠㅠㅠㅠ왜왜왜,1
133,4402,스릴러의 교과서...,1
134,8324,뭐야 이거 코미디였냐 나 화성인이 총으로 사람해골만들어서 밤에 잠도 못자고 울었음,1
135,28662,문학을 사랑한다면,1
136,11044,에드리언 진짜 연기 너무 잘하더라...흐흐흐,1
137,26545,사랑하는 유년 영화 중 하나. 정말 재밌고 슬프고.... 저 진짜 이 영화 보고 베개가 젖도록 울었어요. 언니가 놀릴까봐 혼자 고개 돌리고 숨죽여 속으로 꺽꺽 거리며 울었네요.,1
138,22112,보면볼수록 몰입하게 되네요다 맘에 들어요,1
139,1456,지뢰병 신분으로 교관이 틀어줘서 본 영화인데 진심 몰입해서 봤음,1
140,17945,나름 괜찮은 방식의 히어로물(?)이라고 해야하나..,1
141,9061,학교에서 보여줬는데 집중 해서 봣는데 다시 마오쩌둥 OOO라고 생각한다,1
142,3102,좋아요~~좋아오ㅡ ~~^^^,1
143,26659,잔잔하니 볼만하다,1
144,24448,재밌습니다 연기도좋고 내용도좋고,1
145,12454,"대사 한 줄 한 줄이 예술, 소름이 돋음",1
146,227,정말 멋진 영화. 뭐 하나 안타까운 부분이 없어요..,1
147,12228,캐스팅만으로도 볼만~아오야먀 신지의 전작을 보신 분이라면 매우 므흣한.,1
148,27780,진짜 잘 만든 영화. 제한된 장소인데도 엄청난 긴장감이 있다.,1
149,8981,볼때는 재미없지만 몇년 지나면 계속 생각나는 영화,1
150,9980,영화도 보고 공부도 하고!,1
151,27970,실제부부인줄ㅋㅋㅋㅋ굳,1
152,22109,"어디서 이렇게 개성넘치는 배우들만 모아놨을까? 아이가 집안에 혼자 남아 있을때 좀 더 사이코패스적인 연출을 했더라면 이민기로 안보였을것 같다 , 너무 재미있게 봤고 씁쓸한 마무리도 좋다 . 다음 영화가 너무나 기대 된다",1
153,13235,우리는 시간에 너무 예민하다. 모리를 보고 깨달았다,1
154,23252,"미술, 촬영이 굉장히 돋보였던 영화",1
155,9801,덴젤 워싱턴..믿고 보는 영화. 영화 구성과 시나리오까지 우수,1
156,26358,"한없이 사람좋을 것같은 맷데이먼과 악역전문 존보이트, 좋은 배우만으로도.",1
157,25109,"warm ShiHou, ! Support you forever!fighing!",1
158,28514,좋고 좋은 좋은영화..,1
159,26175,많이 공감했다. 안나에게서.,1
160,17993,영규형싸랑해!! 넘넘환상적이셨어요!! *^^*,1
161,25449,다음엔 더 잘 하겠지...,1
162,17807,마음을 적시는 따스한영화 .. 정말 좋았다 ^^,1
163,2774,주인공에게 다가온 최대의 반전.. 간만에 좋은영화..,1
164,25958,"사랑의 충돌, 이해 등을 세인물을 통해 가슴아리게 표현했네요..",1
165,2300,전작과 이어져서 재밌에 봤음.. 안이어 진다는 사람 애니나 처 보지 말고 소설읽기를,1
166,17809,1편부터 쭉 다 보세요 재미있습니다 후회 안해요 특히 남자분들...,1
167,29751,민검사님 멋쩌요ㅜ 푹빠져있답니다ㅜㅜ시즌3 꼭 나왔으면 좋겠어요!! 기대하겠습니다!!,1
168,17490,꼭 메세지를 원할필요가있을까우리는 영화가 보여주는 아름다움과 그것으로 인한 짜릿함으로 멋진 133분을 보냈다,1
169,1493,가족첩보스릴러인 완성도 높은 작품으로 인간의 심리와 이해 그리고 가족애를 잘 녹여내며 긴장감과 몰입도가 높은 웰메이드 드라마,1
170,6454,그저 잘 만든 영화가 아니라 완벽한 작품이다. 지아장커는 천재다,1
171,29560,"단순한 추억의 영화 그 이상.,",1
172,21891,정말 짐까지영화보면서 운적이없었는데 이영화보고 펑펑울엇다 정말 최고의 영화다,1
173,23980,감탄스러웠다. 무엇하나 지루하지않고 끝까지 여운을 주는 영화. 특히 스토리부분에서 굳,1
174,15566,조낸 웃기기만 하구만...ㅡ.ㅡ;,1
175,24213,다음편 언제 나오나요...ㅠㅠㅠ,1
176,3740,연주실력이 좋아야만 좋은 음악이 된다고는 생각하지 않는다 연기실력이 좋아야만 좋은 영화가 된다고도 생각하지 않는다 그들의 어설픈 '첫 연기'에 박수를 보낸다,1
177,24267,형제가 야구공 주고 받을때 나는 울컥 해버렸다..,1
178,10929,애잔하다 가슴이 아픈 영화,1
179,4688,아주 좋아요.,1
180,27089,"극적요소가 많아 약간 산만, 하지만 재밌고 아름다움! 대사와 영상이 멋지다!",1
181,2784,괜히 홍상수가 아니구나. <옥희의영화>보면서는 뭔가 싶었는데. '찌질함'을 드러내는 컨셉이 너무 현실을 앞지른건 아닌가 싶긴 하지만. 한번 다시 보니까 그렇지도 않네.,1
182,14817,이 영화의 갑은 ost입니다. 들어보시면 못 빠져나오게 됩니다.,1
183,17340,너무나도 사랑하는 애니메이션,1
184,6886,솔로강추!!사랑에빠지고싶게만드는영화!!!,1
185,17765,완전 대박 스트리트 나이트 완전멋짐 액션영화 추천 하시기 바랍니다.,1
186,11944,아 그립네요.. 그때가,1
187,23458,너무찡하지만 그런감정을너무절제시키는영화.,1
188,19263,죽음이 토핑된 깔끔한 우디엘런의 브런치,1
189,15307,극장판 안봤는대 저 가면닝겐이 오비토?,1
190,2975,"지극히 사실적이어서 지극히 춥고, 슬프고, 인간적이다.",1
191,29955,울고 웃고 행복했습니다~^^,1
192,28639,너무너무재밌는영화ㅋ 오마이갓! 지저스 크리스마스~~,1
193,12341,이게 본좌다,1
194,10730,제 개인적으로는 애니메이션 아닌영화통틀어서 본 영화중에 여운 남는영화중 탑3에 들음 감동 그자체...,1
195,20766,조기종영이 너무 아쉬운 드라마..ㅠㅠㅠㅠ,1
196,4415,이런영화좋다...,1
197,12673,"아이언맨1,2,3,4에다가 어벤져스1,에이지 오브 울트론에다가 토르 천둥의신 에다가 너무 재밌어서 별10개를 드립니다.근데 영화 이거다 만든사람 힘드시겠어여.그럼 수고하세요.다음엔 더 재밌는 영화를 보면 좋게네요.",1
198,22232,삶은 꽤 빈번하게 진실에서 빗겨나간다.,1
199,20585,두 거장의 조합,1
200,27252,"""평식이가 평점 5 점 줬으면 ,최소한 곱하기 2 배 평점 10 점 줘도 되는 영화다(웃음)평식이는 크리스토퍼 놀란의다크나이트에도""""동전 던지기는 너무 진부래""""이러면서 평점 7점 주는 인간.평식이가 평론가면,나도 영화감독이다.스마트폰으로 촬영할줄은 아니까""",1
201,29465,최고의 컬트코메디 ㅋㅋㅋ,1
202,16051,ㅋㅋㅋ 전우치싫어하는 사람 말해라 다 혼줄을 내줄거야,1
203,17701,여러번 볼수록 제대로 볼 수 있는 영화,1
204,19961,정말 재밌었던 기억..,1
205,5223,붉은매다시보고싶다.,1
206,17259,와.... 내가 왜 이제 봤을까...진짜....,1
207,10987,아버지를 간병하는 사람중 한사람으로서 주인공의 모든 상황과 갈등을 공감하며 마음이 아팠다.사랑하는 사람이 아파서 간병수발을 들어야 하는 때가 일생중 반드시 한번은 올 것이다.이런영화 너무 고맙다.,1
208,7029,최고의 영화,1
209,24916,"좋다,",1
210,12703,"재밌었다. 홍상수영화를 볼 때마다 드는 생각이지만, 그가 바라보는 세상, 혹은 영화 속 등장인물들의 관심사는 언제나 사랑으로 포장 된 사람사이의 관계, 욕망, 속물성을 드러내는 무언가이고, 그 근간에 흐르는 화두는 언제나 섹스인 듯...",1
211,26803,"오랜만에 정말 괜찮은 영화봤습니다. 신비,감동...ㅠ.ㅠ",1
212,13595,이쁜 여주인공 잘생긴 남주인공,1
213,9123,평점 왜 이래?? 재밌던데??,1
214,24493,배우의 연기력에서 지렸다...선과악을 어떻게 그리 표현을 잘하는지..,1
215,205,액션보단 가족애가 주제인 영화. 한국배급사들은 언제 정신차릴지.,1
216,1146,볼만했어요~ㅋㅋ뭐랄까? 스토리가 예측이되는..???,1
217,10920,장미빛 연인들 최고에요 짱,1
218,22013,이반전이란 거 예상하고 봤는데 보면서 범인이 그사람이아닌거같이 헷갈리게함 그리고 범인이밝혀진후 예상햇지만 놀람,1
219,15937,작은 힘의 위대함. 할리조엘오스먼트의 연기 너무 좋다.,1
220,26595,편안한 미소를 주는 영화. 야구를 좋아한다면 강하게 추천함.,1
221,3661,할아버지 할머니 웃는 모습이 너무 예쁘신 것 같내요.^^,1
222,28025,여자미모좋음....,1
223,22593,이 불후의 명작에 관람객 평점이 없다니 내가 한국 일빠다 캬! ;-),1
224,11598,My Mother The Mermaid 우리엄마매머드,1
225,15875,ㅜㅜ 어르신하고 소도 좋은데 가시길...,1
226,29508,마지막에 토마토 괴물이 똑 떼먹는 장면이 너무 끔찍했다... 어휴 소름끼쳐,1
227,2724,재미짐,1
228,1260,이영화가재미없다는한국사람들이이상하다,1
229,19022,처음 등록해 보는 평점일정도로 강렬했다말이 필요가 없다시나리오도 너무 좋은데 캐스팅도 너무 완벽해서 몰입도가 최고였고 재미없었던 장면이 하나도 없었다공감가는 독백과 대사도 많고흠잡을 데가 하나도 없는 드라마였다여태까지 본 드라마 중 당연1위,1
230,4512,당신은 내게 가장 소중한 손님입니다. 5월 마지막 영화 손님이 찾아 왔습니다.,1
231,4744,언제봐도 질리지 않는 최고의 영화!!!,1
232,4837,"행복은 주는만큼돌아온다. 아멜리에가 장님분도울땐 정말많은것을배운..우리가 가슴속에 지니고있어야하는 배려와 기적, 당연한메시지를 독특한 모습으로 담은 어른동화같은 환상적 영화. 순간의 사랑보다 확신이드리운 사랑은 더욱 가슴벅차게 다가오는듯",1
233,3275,"주인공의 내면 세계, 고뇌, 동료들의 갈등..모든것이 한대 어우러진 영화..최고다",1
234,1442,우리는 세상을 바꾸려 했어. 그런데 우리가 변했지.,1
235,15590,누구에게나 찬란해야할 유년시절이 힘들아이들에게 희망을,1
236,19868,인생과 사랑에 대해 다시 생각하게 만드는 영화..감동적이고 여운이 많이 남는다..아마 실화라서 더 그런듯,1
237,8198,재밌게잘밨습니다멜깁슨아찌조아용,1
238,23289,정말최고네요. 힐링이됩니다. 이틀을 통으로해서 다봣어요.제인생최고의 드라마가될듯해요.,1
239,5118,역쉬 쉬갈형님 쵝오~!!!!,1
240,10387,나도 알지 못했던 내가 있을 어딘가에 나를 찾아 떠나는 여행이 하고 싶어졌다.,1
241,965,굿굿 재밋음~뭔가 종합선물세트를 받은 느낌이랄까..?,1
242,8155,우리아들이 좋아하는 호빵맨 완전기대,1
243,1318,말이 필요없는 영화!!,1
244,29050,"오늘날 스타마케팅의 병태로 하여금, 이 영화에 찬사를 보낸다!",1
245,10357,정말 잼있어요. 아일랜드와는 또다른 수작,1
246,18030,잊혀지지 않는 감동,1
247,5455,봉묨ㅂ모몽모뭄ㅇㄷ,1
248,29319,모든걸 내려 놓으라고 말해주는 영화다.,1
249,23666,진정한 선장의 모습을 보여준 영화,1
250,29155,종로거리에 러버스 콘체르토를 들으며 단성사로 향하던 기억일새록새록...,1
251,4376,배우들의 연기가 인상적이다 콜린퍼스는 왜 맨날 귀족역을 해도 질리지 않는 것인가.. 제시카 비엘의 대사가 잊혀지지 않는다,1
252,12794,여주인공이 더럽게 못생겼지만 영화보는내내 입벌리고 멍하게 보게되었다 아래 말했던것처럼 최고의 떡밥영화다,1
253,709,희망이 가득한 영화 별점10점 !!,1
254,4829,10년만에 다시봐도 명작이네.. 점수가 이렇게 낮은 이유를 모르겠다.,1
255,7678,재미지구나 그렇군 그러해 그러하였어,1
256,24058,나는 인사이드맨 같던데ㅋㅋㅋ,1
257,20047,새벽에 보는데 소리줄이고 보니깐 스릴감있게봤다 ㅋㅋㅋㅋ,1
258,1316,"왕가위, 장국영, 비포 선라이즈. 서울의 하얀 밤을 떠다니는 외로운 그들..그리고 우리...",1
259,12687,"액션, 특수효과,젊은배우 없이도 매력과 감동이 넘치는 영화",1
260,10751,이따금 생각이 난다. 가족이 행복하게 함께하길 바라는 아빠. 그리고 마침내 전원주택 비싼 가구 전자제품을 들여놓지만 정작 혼자서 끓여먹는 라면. 초라함에 던져버린 밥상 그리고 그걸 다시 치우는 그 서러운 모습이..,1
261,6554,언제 보아도 흥미진진한 좀비 영화의 바이블.,1
262,17706,짱재밌습니다^^♥코난하면축구~도일이해도축구~미란이는좋겠다♥^^~~,1
263,28688,장진영 베드신보고 깜짝놀랐다.. 이런,1
264,7898,"""이 영화를 본후.. 조난실의 """"개여울""""은 내 폰의 벨소리가 되었다.. 몇년이 지난 지금까지도 가슴에 아련히 맺혀있는모던보이..""",1
265,2825,생각보다 의외로 괜찮았던 영화,1
266,25714,좋은 영화!,1
267,23445,잔잔한 영화 기분이 묘해진다는...ㅎㅎ,1
268,18697,따뜻하고 아기자기하면서도 발칙한 스토리. 애기들의 귀여움도 귀여움이지만 남편과 바람핀 여자의 화장품가게를 엉망으로 만드는 영화 라붐의 한장면을 보며 웃는 콜레트의 모습이 현실적이고 씁쓸하다. 사랑과 죽음의 의미를 되새기면서도 귀여웠던 영화.,1
269,13179,절박한 상황속에서 보이는 인간의 모습을 볼수있어 좋았습니다,1
270,2635,이드라마의 시청률이 한팬으로써 마음이 안좋았지만 나는 깨달았어.. 시청률이 낮을수록 재밌고 마음이깊이 느낄수있는 드라마라는걸,1
271,10218,재밌어요 나름 괜찮음,1
272,15264,지독히 괴로운 삶에관한 이야기. 당신은 행복합니까? 너무 저평가 되었다.,1
273,753,영화 만들어주셔서 감사할 뿐,1
274,5177,♥,1
275,7631,간간이 터지는 웃음 그리고 영화관을 나서고 나서의 기분 나쁘지 않은 먹먹함,1
276,22281,볼만함,1
277,22494,학교에서 음악시간에 보는데 너무 재밌었어요ㅋㅋ 줄다람쥐들이 짱!!!!!!,1
278,25961,괴팍한 할머니가 너무 재미있네요!! 웃겨요!! 웃을일 없는분들 보세요~~,1
279,24643,정말감동적이었어요..,1
280,8325,나만 당할순 없다.... o(｀ω´ )o,1
281,13557,다시봐도 잼있네요. 사랑과 전쟁을 적절히 다룬 영화? 몰입감 최고에요,1
282,23956,영화관에서 본 내가 자랑스럽다,1
283,20471,"완벽한 영화였다 , 그럴 법한 상황의 연속",1
284,423,"단 한순간도 지루할틈없이 마지막까지 눈돌릴틈이 없었고 마지막에 자신이 사랑하는 이를 지켜가는 좀비의 모습또한 너무 인상깊게 남아있을것같다 오래도록, 많은 좀비영화들이있는데 이영화만은 그영화들과는 다르게 특별하다고 느낀다.",1
285,12395,진짜 한마디로 최고다//.//,1
286,18112,한명을 죽이면 살인마지만 대량학살을 하면 영웅이 된다라...그 말이 잊혀지지가 않는다,1
287,29369,드라마를 원래 안보는 사람인데 재밌습니다. 푹 빠졌습니다.,1
288,10570,...,1
289,11334,같이 성장한 나루토를 보며 감동을 느끼고 아쉬움을 느낀 작품이였다. ost도 아주 좋고 나루토를 위해 자신의 목숨까지 바치는 히나타의 마음을 이해한 나루토 그리고 한층 더 성장한 친구들내 기준에서는 최고의 명작이다!,1
290,25724,재미있네요,1
291,15503,이영화 톰크로즈의 완벽연기 잘짜여진 스토리 심심하지 않네요 짱입니다,1
292,16193,치즈!!!!!!!!!!!!!!!!!!!!!!!,1
293,9386,아니고 싶은데 트위티좀비,1
294,22930,역시 고전에서 배울게 많지요~ 재미있었습니다 !!,1
295,11989,난이게인셉션보다재밋음,1
296,326,잘나갔지 콜트~,1
297,880,영화가 되게 아름답게 나왔다,1
298,8681,감정이 있는 동물 그것이 욕구이다.,1
299,23736,"단 한순간도 지루한 장면이 없다는 게 이 영화의 가장 큰 장점.감독의 연출력이 장난아닌듯~어릴 때 보고 스토리가 충격이라 인상에 강하게 남아있었는데, 이번에도 정말 시간가는 줄 모르고 몰입해서 봤다. 악역과 싸우는 씬만 빼고는 전체적으로 완벽한 영화",1
300,27833,영화관에서 본 영화중 가장 무서웠던 영화.. 빨리 끝나길 바라긴 처음이였음. ㅋㅋ,1
301,579,스님들 진솔하고 천진한 모습에 마음이 따뜻해지더군요.나는 어떤 길 위에서 무엇을 하고 있는 걸까..제 길을 제대로 가고 있는 걸까 하는 마음이 생기네요.도를 이루지 못하면 그 밥값을 어찌 하겠느냐며 울컥하시는 스님 뵈며 제 마음도 울컥했습니다.,1
302,18511,최고의 감동적인 드라마.,1
303,21082,아름다운 가족 이야기였다,1
304,20091,정말재미있는영화 ㅋㅋ임창정 연기 정말 잘한다 .진짜 같아..............,1
305,27719,난 재밌던데 ㅋㅋㅋㅋㅋ,1
306,1655,배창호 최고걸작,1
307,1317,아들에게 책에서 그림으로만 보여주다 실제 살아 움직이는 동물들을 보여주니 더 좋아하네요,1
308,17581,스타일리쉬. 느릿하고 관능적임,1
309,25937,어렸을때 감명깊게봄,1
310,11514,신선한소재는 좋았으나 너무 기대를 했나? 좀 유치했다. 하지만 재밌었다. 한국형 좀비영화로는 충분히 합격점을 넘었다.,1
311,8144,이때는 몰랐었지만 크리스찬 베일 짱,1
312,19965,100%로맘에 와닿진 않았지만서도 몰입하면서 보게됐다 근데홍소희는 왜 안뜨는거예요?,1
313,25463,말이 필요없는 지금까지 내 인생에서의 최고의 영화!,1
314,1778,주성치작품은 역시나 최고,1
315,22575,정말 명작입니다.. 정말 이건꼭봐야합니다.. 힐링이 장난아니게됬습니다. 감사합니다ㅠㅠ 지브라 형님드류ㅠㅠ,1
316,7886,완전 재미있어용!!~~~,1
317,15194,"아네트 베닝의 연기 굳, 미모는 베리 굳",1
318,27570,워낭소리 슬프던데 ㅜㅠ,1
319,12319,시원 통쾌한 복수극. . .,1
320,4550,찬란했던 학창시절을 떠올리며..,1
321,25173,잔잔한 여운이 있네요..눈물 흘쩍...강제규 감독에게 이런 면이...,1
322,19644,정말 최고의 영화!! 아쉬운건 이런 명작을 DVD로 소장할수 없다는거..쩝,1
323,27085,재밌다,1
324,2052,나태어나던해에나온영화ㅋㅋ1992년때나온영화치곤잘만들었네ㅋ,1
325,6805,공포영화를 기대들한건지 평점이 왜케 낮은지 모르겠다 수작까진 아니어도 캐릭터들의 심리묘사가 꽤 잘 그려진 볼만한 영화였다,1
326,12554,"생에 대한 짙은 통찰. 사라져가는 것에 대한 살아가는 자들의 진지한 태도. 임감독님, 잘 봤습니다. 10번도 넘게 본 것같습니다. 볼수록 심취합니다..",1
327,3983,"Ebs 명화특선으로 '질주'를 봤는데요. 러셀크로우 주연의 '쓰리데이즈'와 비슷한 느낌이 강합니다. 다만 해피엔딩이나 가족애보다는, 방황하는 범죄중독자이자 마라토너라는 느낌이 강합니다. 중반부터는 계속 뛰기때문에 서스펜스가 지속적인게 특히",1
328,22106,정말재미있어요!! 추천합니다!!,1
329,28407,뻔한 스토린데 시청자를 사로잡는 뭔가가있음... 뭔가 허전함.. ㅠㅠ,1
330,18344,앞으로가 더 기대되는 드라마에요ㅎ,1
331,25841,나름 재밌었음 이탈리아 마피아행님 목소리 멋있음,1
332,26871,킬링타임용으론 아주 그만인 영화 갈수록 몰입되어진다.,1
333,27961,매릴 스트립의 환한 미소처럼 살아가고 싶어요 ^&^,1
334,13913,정말 감동입니다. 상영시간 내내 울었습니다. 부부가 같이 봐야 합니다.,1
335,22172,이거 ㄱㅊ네요ㅋ,1
336,3467,교도소 면회실에서 나도 눈물이 콸콸콸!!,1
337,9899,개쪄는 최고의 명작!!,1
338,27528,Barry white의 Let the music play의 경쾌한 음악소리가 울려퍼지는 클럽안에서 자신의 어쩌 할 수 없는 운명을 술집여자에게 나긋나긋 읍조리는 장면은 어떤 말로도 표현 할 수 없는 슬픔이었다. 매년 생각나서 찾아보는 몇 안되는 명작,1
339,13077,최춘희 최고ㅣ짱이에요,1
340,24363,1탄과 더불어 국산애니 최고의 명작! 그것은 바로 김청기가 아닌 고우영의 힘,1
341,25188,나중에아이를낳으면함께보고싶어요!,1
342,13652,갠적으로 이런 영화 좋음 음악도 일품!,1
343,2063,구로사와 영화는 교과서,1
344,23401,매력 넘치는 두 배우,1
345,480,아이들과 보기에 좋은 애니메이션!,1
346,18989,반담의 팬이라면 꼭 봐야할 영화중 하나!,1
347,977,이준이 영화를 살렸다.. 마지막쪽에 가서는 좀 집중하긴 어려웠지만 이준이 잘 끌고갔음,1
348,7200,좋네,1
349,7041,내가 기억하는 몇 안되는 영화 ..제목 배우 대사 눈빛 불안 전쟁 가족 안타까움 ...최고라할만하다.토비맥과이어가 스파이더맨 다음 시리즈를 고사하고 선택한 영화라한다. 대단하지 않은가~!,1
350,15313,어느순간 영화 속에 몰입되어 있다는....,1
351,2485,おもひでぽろぽろ 솔직하고 유머스러운 연출력이 돋보인 작품. 시골에 대한 정겨운 추억과 애틋한 감정이 남아 있다면 소소한 미소그를 머금으며 여유롭게 즐길 수 있는 영화~~,1
352,27643,기분 우울했는데 실컷웃었어요 추천!,1
353,6582,나름 잘 짜여진 구성. 익살스런 막가파식 뚝심전개.,1
354,7897,좋다,1
355,24865,이사람은 진짜 존나 멋있는거 같아.,1
356,14240,"비긴어게인, 드림걸즈처럼 노래로 감동을 주는 영화.귀가 힐링 하는 영화재밌게 봤습니다.",1
357,20701,마음이 따뜻해지는.. 그런 영화인것 같네요^^,1
358,7203,제발 후속 극장판 좀ㅜㅠ,1
359,6062,폴베타니진짜멋있고커얼스틴진짜이쁘고ㅠㅠ영화가넘이쁜거가틈 ㅋㅋ,1
360,18306,크리스마스에... 나 홀로 집에보다 이제 더 재미있네요 ㅎㅎㅎ,1
361,20655,이런영화가 넘좋타 보고나서 찝찝하고 가슴이 먹먹해지는ㅠ 내가 이선균이라면 처제가만안나둔다 므흣♥,1
362,13213,"너무아름다웠던 은영도,은철도,둘다너무불쌍하고안되서 보는내내마음이편치않았다",1
363,10026,뭔가 슬프기도하고 훈훈한영화! 아코짱 만화가워낙에 유명,1
364,22302,역사에남을 로마시대의배경스토리중 국민의 대다수중년이 보고싶어하는영화,1
365,1117,재밋게잘보고있습니다 피곤하실텐데 힘내시구요고성희누나 힘내세요ㅎㅎ누나팬이에요,1
366,29981,평점을 보면 본인의 느낌을 반영하는 거지만 이런 공간에서 공론할 가치가 없는 글도 매우 많네요. 작품을 보면 최근 만든 홍콩영화 중 수작에 속하는데 편갈라서 도움 되는 입장의 사람들이 평점을 올려서 이판이 쓰레기장이 되는 걸 보면 한심.,1
367,25153,대체 이영화에 별점 1개 주면서 말도 않되는..사람들이 내주변에 사는사람들이겠지..,1
368,15190,박신양 연기 너무 좋네여 대사하며 눈빛 까지 ㅜㅜ,1
369,2955,"1편의 명성으로 인해 속편이 가려지는것이 대부분이나, 에이리언 씨리즈는 매니아층의 응원이 두터운 특이 Case. 나 또한 그렇다.",1
370,7160,다른영화에서 이영화의 마지막장면이 나온다면반갑겠지만 이영화에선 오히려 원망스럽다,1
371,14912,"허달프, 보드라미 쭈누님, 쿡테러리스트 김풍,우완전 재밌다는 삼국지도 아니고 ㅋ 자취요리 춘추전국시대",1
372,4825,결말이 신선하고 약간 놀랐음...,1
373,16810,재미있습니다!! 어머니와 열심히 보고 있어요~~~ ^^,1
374,19409,진짜 웃기다. 캐릭터 하나하나 깨알같이 웃김. 병맛 쩌는 영화!!,1
375,20686,많은 생각을 하게 하는 영화입니다. 꼭 보실것을 추천합니다.,1
376,24748,"무술영화 좋아하는데, 괜찮았어요",1
377,26862,정말 신선하고 흥미진진했다. 강추,1
378,12157,"시즌1,2에비해 조금 스무스한감이 있었다. 그래도재밌었음 빨리시즌4점",1
379,17027,정말 재밋다ㅎㅎㅎ귀엽다,1
380,25225,마지막 장국영 임청하 등장하는 10분만 10점 그 앞은 진정한 쓰.레.기 1편 감독이 만들었다면 얼마나 좋았을려나..,1
381,10865,이런 로드무비 최고에요,1
382,28164,영화가 전반적으로 재밌습니다.,1
383,9033,"좀 속보이는 미화가 있지만,, 그것만 제외하면 최고의 영화. 전율이 느껴짐.",1
384,16128,곤사토시 감독... 2010년 안타깝게 돌아가셔서 가슴이 먹먹합니다.. 정말 천재적인 감독인데 암으로 가시다니.. ㅠㅠ 이제와서 다시봐도 모든 작품이 대작...,1
385,9340,진짜 재밌게 봤는데 진구를 다시 보게 된 작품.. 짱,1
386,14948,논란만큼 뜨거운 드라마. 아름답게 감상.,1
387,15412,완전 몰입해서 봤다. 기분이 찝찝하다 그러는데 전혀. . 이영화 대박이네,1
388,28918,"삶의 가치에 대한 조명. 변화, 사랑, 이별, 그리고 아름다운 갈무리.",1
389,1592,후회없는 영화!,1
390,10786,또봐도 재밌네요 정준호 정웅인 참 젋군요ㅋㄷ,1
391,3568,김남길 혼자 영화살린듯....여배우 좀 잘쓰지~~김남길은 실망시키지않아ㅋㅋ,1
392,25125,정말 클래식이 될 영화..,1
393,27542,ㅋㅋㅋ하하하보다 더 귀엽고 웃긴데요..홍감독님 영화치고.. 극적인 재미가 있네요..,1
394,21159,좋은데?,1
395,10082,이걸 보고 어떤 계획을 집어치우게 되었다. 정말 감사하다.,1
396,19555,"음식점가서 사진찍어다가 페북올리면서 힐링힐링거리지말고, 이런 좋은 영화보면서 진짜~힐링들하시길...",1
397,1466,어떤 영화든 그 가치는 10년이 넘어야 인정 받고 빛을 발하는법 그 빛을 볼수 있는 이 시대에 살아감을 감사한다,1
398,29062,재밋네 ㅋㅋㅋㅋㅋㅋㅋㅋㅋㅋㅋㅋㅋㅋㅋㅋㅋ,1
399,21441,'삶은 찰나의 것' 인생은 정말 소중한거네요..,1
400,24414,너무 가슴 아프네여 실화라 하니ㅠ실제로 일어났을 사람들은 얼마나 무서웠을까요ㅠ영화 보고난뒤 가슴이 너무 아픕니다ㅠ,1
401,2688,97년작이라는게 믿기지 않는다. 지금봐도 세련되고 멋있다.,1
402,22208,현실적이고 판타지적인 따듯한 영화 딱맞는 제목에 잔잔한 내레이션까지영화의 어떤 한 조각도 기억하고싶은 영화입니다.,1
403,12418,최고 이만한 미드는 어디에도 없습니다 최고,1
404,6788,"올타쿠나커플때문에 다시 우결 보게됬어여제가 소은이같은 성격이라 너무공감되고 설레여~소은씨는 드센게 아니라 남자를 잘 맞춰주고 흡수하는 스펀지같은 여자에요^^그리고 재림씨 자기마음을 다 말해주는 재림씨 너무짱~~~정말 오빠,아빠, 애기같은 매력",1
405,19656,이 영활 보고 멀쩡한 사람이 이상한 거다~! 으,1
406,3215,이영화 괜찮은 편이지만 어쩐지 과장이 심한듯 ㅋㅋㅋㅋ,1
407,2683,음악이 너무 좋았다. 내용도 영상도,1
408,11723,"박광현감독, 장진감독 정말 후회시키지 않는다ㅠㅠㅠㅠ",1
409,8591,소설말고 영화로 보는게 나음,1
410,1004,제대로 알아야할 역사임,1
411,29072,우연히 본 영화인데 다시 보고 싶은 영화..,1
412,2287,말이 필요없고.. 진짜 꼭 봐야하는 영화.. 결말을 알았을때 숨이 콱하고 막혔음 놀라서..해피도 세드도 아닌 오픈엔딩 재미없다고 하는사람은 꼭 주인공 두명이서 알콩달콩 사랑해야하는 영화를 바라는 사람인가.,1
413,21770,어떻게 이런 생각을,1
414,15603,뭘 얘기하려는지는 모르겠다. 그러나 줄리앤 무어와 배우들의 연기는 소름이 끼칠정도다.,1
415,11772,"재밌어요! 탑,승리 나와서 겁나 즐겁게본듯ㅋㅋㅋ",1
416,5339,성룡영화에만존재한다..,1
417,9833,인종 차별에 대한 그녀들의 용기에 감동 받았던 영화...앞으로도 계속 감명 깊을 것 같다. 모든 사람이 한 번쯤은 봤으면 좋겠다.,1
418,9027,감독에게 만점을 주고싶다 그 인간쓰레기 같은 권력자들 지들 자식이 이런대우 받으면 무슨생각을할까 지가 한짓처럼 대수롭지않을까 인간은 언제나 죄를지으면 돌려받는다,1
419,15832,"진짜로 재밌고, 저런 일이 진짜 있었으면 좋겠어요",1
420,13482,"역시 평점과 남들이 글적어놓은것 의미가 없엇다,,내만 재미 몰입해서보면 그만이다..오늘쉬는날 점심때 냉면에 몰입잇게 잘보앗ㄷ..공포 스릴러장르는 거의 평점이 낮은듯 그장르좋아하는 1한명으로 평점에 신경안쓴다,,",1
421,3145,천진한 가족들의 모습과 이데올로기의 비극이 묘하게 겹쳐진영화,1
422,12478,"어렸을때 동아극장시사회(잡지'로드쇼'주최)에서 성룡과 악수했던 영화!!!(천여명관객들을 출입구에 서서 일일이 악수해줌) 생각관달리 초특급미남의 성룡을 보고 넋잃은 나의 볼을 꼬집어주던 성룡의 웃는 모습을 잊을수가 없네요~성룡, 당신은 최고입니다~!",1
423,24001,이런영화 자주 나왔으면...마치 영화 비투스를 보는듯.....,1
424,8943,꽤 잔인했지만 볼만하고 재미있었어요ㅋㅋ,1
425,18920,이문식의 색다른연기가 돋보인 정말 최고의 드라마,1
426,642,내 인생 최고의 영화임. 재개봉한다니 기쁩니다.,1
427,9954,완전 매력만점 차대표 국승현♥요즘 살맛납니다!!^^,1
428,25271,이런 스토리 재미있고 따듯하다,1
429,5558,완소미드♥ 진실은 저너머에..ㅎㅎ,1
430,8098,이게 왤케 평점이낮냐 허 참,1
431,24689,묘한거 좋아하는 사람은 꼭 보시길 ㅋㅋ잼남,1
432,14806,클린트 이스트우드가 낳은 최고의 역작...,1
433,25868,너무도현실감이느껴지는제니퍼의매력!귀여운여인아류중최고!,1
434,16980,말이 필요없는 최고의 영화. 예림이 이 영화 장이야???,1
435,7058,보고 정말감동먹었던 영화.,1
436,15627,어렸을 때 이 영화를 보고 밤새도록 울었었는데ㅠㅠ 여우비 너무 불쌍해ㅜ,1
437,19096,"이 영화는 개인 취향차이인듯.. 난 sf영화 좋아해서인지 그럭저럭 볼만한영화였다. 아쉬운건 평범한 방이 생각보다 꽤 많이 나와서, 중간에 긴장감이 별로 안들었다는거. 그리고 결말이 뭔가 펑하고 순식간에 끝나버리는 느낌...",1
438,11121,아무 생각없이 보기에는...,1
439,23714,소재가 소재인만큼 보고난 후 약간 찝찝하고 무거울수도 있었는데 전혀 그렇지 않다. 폴역을 맡은 배우와 줄리안역을 맡은 배우가 정말 닮아서 신기하다.,1
440,3850,오랜만에 잔잔하게 감동있는 영화 잘 봤습니다^^,1
441,8121,"음울, 에로틱, 그리고 쇼킹함.",1
442,21926,슈렉은 1편에서 끝났어야했다,1
443,1425,장나라와 최다니엘 정말 잘어울리는 훈남훈녀다.,1
444,20474,태양이 없어도 구름에 가린것 뿐이다..,1
445,18629,우울할때마다 이영화본다. 진짜 우낌.,1
446,23542,17회로 끝났으면 전설로 기억될 드라마. 나머지 3회는 팬서비스를 위한 사족 같이 느껴졌다.,1
447,24908,대박,1
448,7798,재밋게잘봤다 생각이많아지는영화,1
449,4369,날 설레게 하다니 최고였다 .,1
450,12905,인생을 생각하는 영화다,1
451,22465,인생입니다.,1
452,2218,나만잼있나? 한국영화 스릴러중 손꼽히게 잼있게본 영화중하나~~!,1
453,28079,실사영화를 만들려면 이정도는 해야지..,1
454,17638,ㅋㅋㅋㅋ평점너무낮음재밌는데ㅋㅋㅋ이동건잘생기고 한지혜이쁨,1
455,5747,최고의 영화다 진짜....,1
456,3462,한남자가 한여자만을 사랑한다. 연인과 본다면 100점짜리 영화,1
457,24519,기자.평론가 평점이 이상해서 보니 시네21 소속 인간들이 작품의 평점을 담합하여 내리까는 짓을 하고 있네요 미꾸라지가 물흐린다더니 그꼴입니다. 대체 누가 기자고 평론가인지 웃기는 세상입니다.,1
458,17878,"정말 재밌게 봤습니다. 스토리 좋고, 배우들 연기도 좋았어요!",1
459,16556,흠 잡을 부분이 거의 없는 영화 ㅠㅠ,1
460,29341,"최고의 판타스틱영화, 어릴적 본 동화책을 그대로 아니 더 훌륭하게 재현한 영화",1
461,3464,어렸을때 동방불패3라도 나올까 생각했는데 그런 기대를 버렸다....아니 나올수가 없다...왜냐면 임청하의 포스를 뿜어낼 여배우는 영원히 존재하지 않기 때문이다.,1
462,5726,탈북자 준. 사람을 흡입하는 눈빛 . 앞으로가 기대되는 배우 !,1
463,18220,"생각보다 내가 몽상가가 아닐 수 있음을, 생각보다 내가 몽상가일 수도 있음을 깨닫게 했던 영화.",1
464,5266,공포 영화중 제일 걸작으로 꼽힌다.,1
465,8866,닥치고 강추!!!!,1
466,17157,좋아 아주 젛아 젛 아젛아,1
467,6260,은근히 재밌었음 ㅎㅎ,1
468,10439,어휴 OO들 이게 원래 전형적인 미국코미디라서 그런거야 병맛미국 코미디를 모르면,1
469,27763,한국적 정서,1
470,11095,민족적인 감정을 떠나 소년의 눈을 통해 본 전쟁을 보아라. 그 어떤 영화보다도 잘 표현해낸 작품이다.,1
471,29830,"한국영화특유의 감정과잉형 감동강요는 적으면서도, 따듯한 코미디영화",1
472,9859,영화를 외치다,1
473,22032,"주성치매니알써, 그냥그랬던 작품. 별9개. 매염방 키무지크대.보고싶다.",1
474,24494,"보면서 좀 식상하고예상 가능한 부분이 많아서 좀 실망주이었는데, 영화는 역시 끝날때까지 기다려야해ㅠㅠㅠ",1
475,19099,죄의식을 아름답게 치유하는 호세의 모습에서 예수가 생각났다.,1
476,605,완전 재밌음 10점도 더 주고 싶어요,1
477,9751,"당신에게 가족이 있다면 반드시 봐야하는 영화,,",1
478,29897,기자 평론가들은 다들 평점 왤케 짜게줌ㅋㅋ,1
479,28608,그의 영화는 항상 영화가 끝나면 사람을 멍 때리게 하는 뭔가가 있다.,1
480,1391,좋아요. ㅋㅋ남자인권은 존중하는데 여자인권은 개무시하는 인간들.?(그..재판장에서..)랑 ㅋㅋ겁나 유토피아에서 꿈꾸면서 사는 개독들; ㄷㄷ 혐오스러웠음. 물론 무조건 낙태하는건 막아야겠지만요. 근데 ㅋㅋ 영화관에 관객 나 혼자였음. ㅋ 쩝..부담,1
481,2877,좋아.. 아주 좋았다.. 슬픈이야기! 영화가 끝날 땐 아쉽기까지했다,1
482,11160,소소한 일본식 코믹요소와 반복된 일상에 비범해보이는 남들의 삶을 부러워하던 내모습이 공감되며 평범함에 대한 새로운 시각과 공작은 화려하지만 그 화려함 때문에 결국 우리(감옥)에 갇히고 참새는 평범하지만 자유롭게 날아가는(비행기) 엔딩장면이 인상깊었다,1
483,12662,시후님의 행복한 미소를 기억하는 것은 매일 새로운 하루가 밝겠습니다.,1
484,1338,"마잭팬께 투표부탁드릴게요 유럽 단체가 상을 수상할 가장 유명한 사람을 찾고 있습니다. 1위에서..http://mostfamousperson.net/ 12월 31일 까지고 네이버 로그아웃하면 매일투표가능해요sns,트윗,메일보내기로30표",1
485,1788,긴말이필요없습니다 그냥 보고나면 전율감이 쫘르륵!~,1
486,10555,현재 대한민국에서 서영희를 대체할수있는 배우는 없다고봄 완전 물오른듯 재밌게봤음,1
487,16581,노장 켄로치 감독의 젊음이 느껴지는 영화,1
488,22562,영화는 영국의 상황을 말하지만 많은 부분 우리의 현실(이를테면 세월호 사건)을 비춰줬다. 사람을 잃은 아픔은 잃은 사람만이 안다. 그들에게 잊으라고 하지말아야 한다. 그리고 영원히 기억해야 한다. 이 영화를 더 많은 사람들이 봤으면 좋겠다.,1
489,5219,감동적이게 보고왔습니다. 따뜻한 영화가 생각난다면 이게 딱 조하,1
490,13701,정말 최고의 영화다..................,1
491,7115,뻔하지만 배우 좋고 연기 좋고 괜찮은 영화,1
492,29336,보자마자 곧바로 한번 더 보게 된 영화.... 너무나 아름답다.,1
493,19318,이영화 다시볼때마다 생각하는건 DK는 뭔죄지ㅋㅋ?,1
494,9270,책을 읽은다음 책이재밌어서 영화도 봤는대 중간 내용이 좀 빠지는 느낌이들지만 재밌게본것같다,1
495,12725,이 영화 참으로 최고이자 걸작 중 하나,1
496,25147,내가 어릴 때 발레를 배우지 않은 걸 처음 후회하게 한 영화.,1
497,4660,김정은이 인상 깊게 봤다는 바로 그 영화!!!,1
498,22057,난 꿈을 꾼다 그러니 미치지 않은거야,1
499,10461,이산가족 상봉 못하시고 돌아가신 할아버지가 생각났다,1
500,23295,너무 좋다 양조위의 눈빛에 빨려들거 같다. 그림한편 보는 듯한 영화,1
501,11612,"큰조카 데리고 가서 봤는데, 영화 보는 내내 말 한마디도 안 하고 집중해서 넘 재밌게 보더라구요ㅎ 기분 좋았어요ㅎㅎ",1
502,14559,라디오스타를 떠올리게 하는...,1
503,24968,순수하고 열정적인 사랑의 이름. 앙젤로는 진짜 남자다.,1
504,23707,재밌게잘봤어요^^,1
505,23476,정말 몰입도 최고의 흥미로운 소재의 영화군요.!!!후반부에 살짝 루즈하긴 하지만 수준급 영화입니다.^^,1
506,1731,이거 10점짜리 영화다. 진심,1
507,1566,이정도 감동이면 충분하다고 생각.,1
508,27406,소소하고 차분하고 알콩달콩하다 부족함없이 잘만들었다,1
509,10030,김보성의 으리!!,1
510,15354,전체적으로 약간의B급영화냄새가나네요.,1
511,7155,연기만큼은.....,1
512,16998,재밌고 감동도 있고 딸이랑 잘 봤습니다,1
513,12524,역시 장자끄아노 감독답다 !!!,1
514,911,정말 씨~네!! 평식이 ㅋ,1
515,26255,재미있음 진짜. ㅎㅎㅎ,1
516,3187,지금봐도 정말 재밌고 좋은영화다.,1
517,29545,악역의 연기가 빛났던 영화. 특히 그 창고에서 폭발시키는 분노,1
518,3299,생각보다 재미있구만 ㅋ추자현이 굿,1
519,4505,권력에 굴복해버린 나약한 아버지를 마주한것이 그리 큰 충격이었을까? 아버지도 선악이 공존하는 나약한 인간이거늘 주인공의 사악함 뒤엔 근본을 마주할 용기조차 없는 겁쟁이가 숨어있다,1
520,10244,"나쁘지 않았다. 실화라서 더욱더 몰입된다. 8점정도 영화인데... 평점 높이고 싶어서 10점이다,",1
521,18401,재밌는데 평점 왜이러지 ㅋㅋ,1
522,29462,너무 재밌고 감동적인영화. 특히 가수 윤하가나와서 더욱 특별했던영화,1
523,3075,1.11 시사회보고나서:),1
524,23599,한국인이라믄봐야됨~,1
525,23527,딸셋인 집이라 공감가는 부분이 꽤 있다 특히 내가 둘째라..,1
526,13409,"정말 재밌게 봤어.,, 카호 역변하기전 정말 이쁘네..아 물론 지금도 이쁘지만",1
527,29433,상당히 재미 있을 거 같다. ㅎ,1
528,22005,인간이란 동물중에 가장 멍청한지도 몰라,1
529,27391,우리나라 타워의 원작,1
530,8318,아이와 함께 보기 좋은 영화입니다,1
531,6625,이런류의 영화는 정말 괜찮다 이런 주제를 다루는 영화를 만나 반갑네요 표현도 재밌고,1
532,20526,재밌어요 큭큭,1
533,7104,그냥 정말 조용히 몰입하고 보게되네요...,1
534,4538,걸작이라는 단어 밖에 생각이 안나네요..,1
535,15486,에드우드... 눈물이 나온다,1
536,18078,아버지의 사랑을 느꼈습니다...,1
537,18161,시트콤중에 정말 레전드다ㅋㅋㅋㅋ,1
538,22701,"둘만의 대화가 단조로와 보이지만, 점점 둘의 대화속으로 빠져들게 만드는 영화.",1
539,6037,치밀하고 치열한 흥미만점 대결,1
540,7308,어떤형태이건 어떻게하건 사랑의 형태가되어버린다는거. 아라타정말 매력적이다..,1
541,29529,그냥 아무말 없이 보는내내 행복했다.,1
542,11732,ㅋㅋㅋ졸 웃겨 ㅋㅋ요 시간가는지모르겠네,1
543,14996,요즘 촐싹대기 좋아하고 세태에 물든 아이들은 이해하기 힘든 영화,1
544,25110,기대 안하고 봤는데 너무 잼있게 봤어요,1
545,24466,"누구에게나주어진 삶은 아닌데, 가질수 없는 희망의 이야기, 지금 이곳엔...사람은 참으로 아름다운 존재, 그 존재를 더욱 아름답게 만들수 있는 세상...이야기. 살아있는 모습 에덴....은 있다.",1
546,670,벌써 마지막회라니 믿기싫은현실ㅜ 넘 재밌어요,1
547,19808,짜릿한 몰입감,1
548,25223,내가 1학년때 봤던 영화인데 내용이 아주 재미있어서 아직도 기억남,1
549,13768,오호호,1
550,12520,작품성이 안좋아도 흥행을 하게되면 그래도 배우들 인기는 쩌는데 ``,1
551,16150,넘 ㅜ재밋네요,1
552,6494,"완벽하게 유쾌하고, 희망적이고, 사랑스럽다. 병맛의 아름다움 그 자체",1
553,21340,천재음악가 베토벤의 일생에서 사랑이라는 일면을 부각해서 스토리를 입히고 재해석한 작품. 틈틈이 나오는 베토벤의 음악과 베토벤의 삶이 어우러져 보는 내내 가슴을 울립니다. 주연 배우의 흡입력 있는 연기가 일품입니다.,1
554,15537,영화는 별로지만 뮤직비디오?부분은 진짜 전설이다,1
555,16355,응급남녀 재미있음 감동이구그리고 최진혁♥송지효가극중에서다시사귀길...,1
556,16966,기웅오빠♥ 사랑해요♥,1
557,17541,"매트릭스의 모티브가 됬을정도로 유명, 말이 필요없다.. 근데 아랫놈은 아류가 뭔지 모르나??",1
558,6853,혁명적으로 예쁘고 슬픈 영화! 눈이 퉁퉁 부어도 보길 잘했다고 생각한다.,1
559,17472,기분좋게~~ 웃으면서 잘봤으~~ 잼있었음,1
560,19739,끼오오오오! 스피닝 파이아!!!,1
561,24821,원래 액션이라는 것은 작품 자체에 어떠한 큰 의미를 두지 않을 때 더 역동적이고 격렬한 것이다.,1
562,11806,ㅎㅎㅎㅎ,1
563,20532,3d를 그냥 보니까 좀...,1
564,14350,진정한 악은 무엇일까 진정한 선은 무엇일까,1
565,20264,"뭉클한 부분도 있고 잘 봤습니다. 데미무어 늙었단 소리 하는 사람들은 뭐지? 사람은 다 늙습니다. 데미무어 배우로서 훌륭하지요. 단지, 이 영화 제목은 너무 성의없게 지음. 영화보고 싶은 생각이 안 드는.",1
566,21755,멋지고 감동,1
567,22235,앞으로의 수호지 시리즈도 기대됨ㅋㅋ,1
568,24771,고저 처음 별점 주는데 ocn에서 자주 나오지만 좋다. 1시간 반정도 투자해서 볼만하다,1
569,4648,목숨을건 전쟁뒤의 씁쓸한현실,1
570,25711,평론가들 뭘 모르네 너무과소평가받은 영화,1
571,27637,엄마는 행복해지면 안돼? 라는데 바라보던 아이의 표정이 너무 슬펐다. 철 없는 엄마와 너무 빨리 커버린 아이. 누군가 알아줬으면 좋겠지만 어른들은 외면할 뿐.,1
572,4427,지금도 이 영화만 생각하면 기분이 좋아져요,1
573,10721,무시무시한 영화,1
574,27955,나탈리포트만 연기가 영화 반은 살린듯..ㅋ 조지 넘 불쌍 ㅠㅠ,1
575,11588,풋풋하고 잔잔한 청춘의 방황과 희망이 아름답게 느껴진다 ! 사람사는 이야기다 !,1
576,15059,진짜 이건 예상 못했다... 이 명작을 이제야 보다니!,1
577,21239,"다 좋은데.. 그 얘기만 하기엔, 너무 길지 않나? 더더더 보여줘",1
578,7750,진짜 재밌었다~~~~,1
579,5535,마지막장면 죠 대사때문에 울었다 ㅠㅠ 잔잔하고 좋은영화,1
580,6613,재밋네요,1
581,5139,최고라는 말 밖에 나오지 않는...,1
582,11214,"특유의 어두운 분위기와, 맥라이언과 마크 러팔로의 연기 너무 좋았다.",1
583,4368,헐 이연걸이 길들여 졋어 샹 ㅠㅠ,1
584,8346,토니스콧다운영화. 젊은 케빈의 얼굴이 보는 내내 즐겁다. 킬링타임용으로 굿,1
585,26849,"하나님이 내 삶에 어떻게 일하셨는지! 그 '당당함', 키워졌다!^^",1
586,1134,아름다운 디카프리오.,1
587,28718,완전 재밋었다. 먼저 출발비디오여행에서 리뷰를 듣고봐서 더 재밌었던걸까? 캐릭터들이 다 재밋고 수녀님 이쁘고 좋았다. 단지 막판에 주인공이 덩치 큰 챔피언을 이긴것은 너무 억지다. 공감이 안간다. 막판 챔피언과 싸우는 부분만 빼고 보시라~~,1
588,6464,원작의 충실한 재현...굿,1
589,21580,강추 넘웃김,1
590,3690,'엄마'라는 여자의 노년을 현실감 있게그려낸 수작,1
591,27363,드라마보다 다재밌어요 리얼하고 인간냄새나서도 좋고 이서진씨는 의외로 젠틀맨!이서진땜시 매주봐요,1
592,1707,심리영화 머리가 아픔! 죄없는 이심결 왜죽여 오언조!,1
593,23804,"3D메카의 새로운 장을 연 애니, 이태리에서 한국제작 마크를 보고 감동받았다.",1
594,7434,재미 만땅,1
595,5249,알파치노의 그 광기어린 연기...말이필요없다.,1
596,2348,3.14,1
597,5896,악마들 비주얼도 그렇고 스토리야 원래 유치할거 어느정도 예상은 하는거고. 볼 맛 나는 영화였는데. 평점이 너무 낮네요..;; 5점짜리 영화는 아닌거 같아서 10점!!,1
598,27407,결말 알고보면 정말 재미없음. 사전지식 없이 보면 최고.,1
599,17310,박정민을 다시보게된 영화 ㅋㅋㅋㅋ연기 감동임,1
600,15233,세익스피어가 여자였다는루머? 어쩜 이렇게 감성적일까 !,1
601,19621,내맘속의 사춘기를 태동시켜준영화 내나이 5살때 영화관가서 본작품 그당시 영화관 포스터는 수작업으로 그렸다 난 영화관 화실에 몰래 들어가 그림그리는 분과 즐겁게 놀았었지 5살에 나처럼 놀았던 애들은 아마 거의 없을듯,1
602,2044,진짜 죽기전에 꼭 봐야될꺼같은영화임 ㅠㅠㅠ 대바규ㅠㅠㅠㅠ..내가 난지 햇갈린다,1
603,28284,타격감 하나는 죽여주는 만화,1
604,5039,남자의 로망,1
605,4519,평범. 이 영화에서는 평범이라는 단어가 꿈이 되어 다가왔다.,1
606,18758,이건 평가할수있는게 아니다. 아름답게 바라보는거지,1
607,4171,세상에 대해 좀 더 넓은 시야를 갖게 해주는 영화,1
608,750,여주인공이 도망치고 환하게웃엇지만 곧 잡혔을것같은 슬픈예감..그리고 마지막에 차인 무사의 슬픔과 허무해하는표정을 보고 웬지 나도슬펏다~,1
609,17474,이민정 때문에 봤었는데 진짜 재밌음 대박 그자체,1
610,12145,최고최고! 이런영화좀 많이 상영해야할텐데요ㅜ,1
611,6254,정말 재밌다.. 왜 이런 영화는 제대로 개봉 안하나? 19세라 흥행이 잘 안될까봐? 요즘은 이런결말이 슬슬 대세가 되는걸까. 리미트리스도 이런식의 결말인데 ㅎㅎ 뻔한 결말을 벗어난 결말.,1
612,16740,굿,1
613,25646,타협이 없는 맹목적 아집이 어떤 결과를 초래하는 가를 단적으로 보여지기도 한다.,1
614,24431,인간이 점점 부패해가는 모습이 이렇게 무서울수가 없네,1
615,1895,잭 니콜슨 연기 최고네요 ㅜㅜ 슬퍼요,1
616,23788,아..진짜 엔딩크레딧까지 보게만든 영화는 오랜만이네요. 러닝타임내내 행복하게해줘서 고마워요. 현실로 돌아오고싶지않았어요. 그들의 이야기가 더 궁금하네요. 2시간의 행복을 안겨주어 고마워요 ^^,1
617,19150,내가지금까지 영화라고 봐왔던건 뭐였지;; 진짜 진심 이건 명작이다,1
618,530,진짜 맛깔나는 불량식품 같은 작품,1
619,2291,액션영화의 실제버젼이다.,1
620,9523,더 스타일 창립35 주년 행사중 이달의 사원 시간에 고백 최고였어요~~!!!,1
621,2255,ㅋㅋㅋ 차태현,1
622,15108,마음에 듭니다.,1
623,2557,"내가 몰랐던세계, 그세계를 봉만대는 노골적으로끄집어낸다. 재밌네",1
624,20009,잼잇음 서기누님이랑 범수형님때매 10점 준다,1
625,3979,이모 OOO기년이네..,1
626,16687,재밌고감동적이에요ㅎㅎ,1
627,13739,1편과의 이야기 전개도 나름 매끄러웠고 이런류의 영화를 좋아하는 사람으로서 추천!,1
628,6362,진짜 배우란 이런 것.!!국내배우들과는 급의 차이가 너무 남..,1
629,15752,오늘 오랫만에 다시이영화를 다시보게됩니다 다시한번감동을 주는군요^^,1
630,24400,교육용으로 좋구만,1
631,6557,기대 안하고 봐서 그런지 확실히 재미있습니다 또한 중화권에 대한 문화도 다른 시각으로 보게 함,1
632,28803,"사실, 중간까지 살짝 지루함이 있긴 있었습니다만, 죽은 아들을 위한 한 아버지의 용기있는 모습을 보고 감동받았습니다. 최고였습니다.",1
633,6302,재이있게 봤어요 70년대 강남,1
634,29230,여운이 많이 남네요.. 많이 울었습니다,1
635,27246,수아와 재수의 눈물은 정말.... 너무 가슴아픈 사랑 ...눈물안흘리고 못배겨요,1
636,23794,"원작의 줄거리를 영화로 만들으니까 보기편하고,내용도 요약을 할수있어서 좋았습니다",1
637,28274,피식..웃겼다..아놀드 형 ㅋ,1
638,12700,평졈이 왜 이거밖에 안되?? 지금 다시봤는데 여전히 재미있다 ~!!,1
639,9910,다음주가 빨리 왔으면 좋겠어요 넘 재밌어요,1
640,5166,"지루한 일상속에서 보여주는 담백한 코미디, 그리고 남는 깊은 슬픔과 회한...동유럽의 저력을 보여주는 수작",1
641,14721,이거 개봉당시 학생들 사이에서 엄청 화제였음 개웃기다고 ㅋㅋ,1
642,14426,정말 좋았던 시절의 영화...그때의 기억이 떠 올라 와봤는데 낮은 평점에 놀랐다.,1
643,29292,ㅋㅋ올만에 티비로 해줘서 보는데 ㅋㅋOO전에도 빵터지면서 봤는데 또 재밌어ㅋㅋㅋㅋ차승원 진짜 연기잘한다 ㅋㅋ,1
644,14617,졸잼... 요즘 봐도 전혀 어색하지않다.,1
645,22559,언더우드의 역시 최고다 ㅋㅋㅋ,1
646,14179,부엉이인지 올빼미인지 정확히는 모르겠지만 부엉이가 이렇게 멋진새였네요ㅋㅋㅋ 슬로우모션 나올때도 너무 멋있었어요,1
647,26519,평점이 너무낮음 스릴있고 재밌음,1
648,27746,아주 개만도 못한 인간찌질이들이 악플다네ㅋㅋ 난 잼있게봤는데...영화는 말그대로 그냥 재미있으면 그만인거지..ㅋㅋㅋㅋ 이영화 악플달고 ㅈㄹ 하는 개 만도 못한 인간 찌질이 막장 인생들아.....ㅋㅋ 그냥 목 메러가라 OO 버려라 그냥 ㅋㅋㅋㅋ,1
649,1448,재밌다면 원 보다는훨씬재밌다 지금다시보는데ㅋㅋ,1
650,20801,라스폰트리에가 아니라면 누가 하리오,1
651,1500,눈을 보고 대화해요오오,1
652,19152,오우삼감독치곤 잘만든영화,1
653,13757,재밌다 지루한 부분 없이 !,1
654,17226,더 큰 세상을 향해가는엔딩.,1
655,19423,유일하게 재방송을 본 드라마 ㅎ,1
656,17724,너무너무슬프고 가족에대해 생각해볼수있는 계기가 된 드라마♡♡,1
657,14386,자극적이면 땡,1
658,22656,따거! 이형의 영화자나자나 봐야되자나자나,1
659,12129,정말 추천하는 영화 끝이허무하지만 감동적입니다. 극중 주인공 글로리아(샤론스톤)가 남자아이한테 하는대사가 뇌리에 남아있네요 인생은 경마장의 경주마같다고 꿈같이 지나가는 시간이기에 가장 가치있는 것을 하라고 본인은 의미없는 (고급매춘부)시간을 썻다고,1
660,18902,대에박 꼭봐야함 두번봐야함,1
661,3518,본인이 직접 경험하지 못했다면 결코 타인의 고민이나 컴플렉스에 대해 이해하지 못한다는 것.. 그리고 부부생활이든 사회생활이든 인간 관계에 있어서 서로의 공감대를 빨리 파악해서 서로를 이해해주고 역지사지의 마음이 중요하다는 것을 깨닫게되네요,1
662,4954,과학의 발전이 악용됐을때 인간의 존엄성을 어디까지 해칠수 있는지 보여줬던 아주 잘 만들어진 영화인것같아요. 시간순이 아니고 과거가 중간에 들어가있어서 예상치 못했던 반전도 있었고.. 암튼 잘 봤음 역시 페드로 알모도바르네요,1
663,19469,주님이 하셨습니다,1
664,20121,물좀주소가 왜 돈좀주소로 들리는지..결말이 좀 빠르지만 나머진 흠잡을때가 없다.굿,1
665,13567,재미없는 부분이 없다랄까요.. 그리고 삽입된 음악들도 하나 같이 좋아요. 내가 젤 조아하는 영화!,1
666,9056,예전에 봤었는데.. 괜찮은 영화,1
667,14933,감사히 잘 봤습니다 소나무 픽쳐스님. 이런 울트라맨 영화를 수입해 주셔서 감사합니다,1
668,20043,아직도 어둠에 묶여 사는 그땅을 위해 기도하며,1
669,19647,"오늘 텔레비젼에서 또 하는데, 또 봐도 또 봐도 질리질 않네....",1
670,15540,헐...개인적으로 난 너무 재미있게 봤는데.... 생각나서 오랜만에 검색해서 들어와보니 평점이 심각하게 낮네요.... 충격.... 내가 안목이 좁은건가. 난 정말 재미있게 봤어용... 배우들 다 연기잘해서 몰입감도 완전 괜찮았는데 .,1
671,18194,ㅋㅋㅋ잼넹,1
672,1019,가끔은 길고긴 내하루에...네가 있어 줫으면....ㅜㅜ,1
673,5271,우연히 케이블에서봤는데 마지막에 소박한반전... 가슴뭉클하다.. 밝고 씩씩한 스탠리..,1
674,19947,잘못탄 기차가 목적지까지 데려다 줄 확률은 몇 퍼센트일까? 내가 그 기차를 탈 확률은? 사람 인연은 우연과 실수에서 시작된다. 인연으로 만들것인지 실수로 넘어갈 것인가.,1
675,1292,영화를 만든 감독의 눈을 시종일관 의심했다! WHY ?!,1
676,23497,이런 게 영화라고 할 수 있지,1
677,25708,생각보다 볼만했음ㅋ여주인공이 연기가 좋네여,1
678,11124,기대안하고 봤는데 너무 유쾌하고 재밌는 영화~ 연기파 배우들 연기도 멋져요 .,1
679,3618,코난 극장판 중에서 제일 재밌게 본것,1
680,1372,다시 올리기 ㄱㄱ,1
681,17849,지금봐도 꿀잼이다진짜,1
682,21552,상당히 잘 만든 영화군요. 깊이와 재미를 함께 느낄 수 있어 좋았습니다.,1
683,8311,괜찬네,1
684,29111,언 20년 지나서도 다시보고싶다는 생각이든 영화....,1
685,16325,변호사는 신념과 헌법 이외에는 편이 없네요. 심지어 피고인마저 반대편에 서 있길 자청함.,1
686,22173,재밋기만하구만평점왜이럼?,1
687,15683,재미있어요~Good!,1
688,2195,그 당시 사회상을 정말 잘 그렸다,1
689,28533,박진감 넘치고 숨막히는 전개~,1
690,18286,너너무잘봤습니다딸이랑 단둘이봤네요,1
691,26128,나에게는 코미디 이상의 것이었다. 재밌었다.,1
692,25819,2015.02.24 한껏 약을 빤 영화,1
693,26640,이거 강지원 왜 찍은거?,1
694,16009,믿을 수 없을 정도로 기발하게 영화형식을 파괴 하는 방법 에 대한 고찰,1
695,12526,100점 만점,1
696,27385,여친 생기면 다시봐야지,1
697,16751,너무 자극적이지 않아서 좋았어요... 오랜만에 잔잔한 여운있는 드라마였어요,1
698,13045,내생에 기억남을 영화다,1
699,5819,재밌다 봐도봐도ㅜㅜㅋㅋ,1
700,17053,잠깐 이소의 정체가 뭐요,1
701,1995,신종뱀파이어 싸움이 멋있긴한데 전투씬이너무짧다,1
702,4249,너무 충격적이다..그리고 최고다..,1
703,24862,"세상에 존재하는 여러 종류의 사랑과 지금 세대가 겪는 여러가지 아픔과 갈등에 대해서 잔잔하게 얘기하고 이것들을 해결하고 치유하는 과정을 동화처럼, 장면과 대사 하나하나로 잘 이야기하는듯.",1
704,24636,상영관에서 못봐서 정말 보고싶은데 도대체 언제쯤 볼수있나요 ㅠㅠㅠ,1
705,19538,이수경 ㅎ,1
706,27770,그 몰입도와 집중도에 박수. 심리 공방 만신창이 영화 :),1
707,8081,"시사회보고왔습니다.. 열정과 소통, 사랑과 눈물의 그곳을 보실 수 있어요...",1
708,19235,진짜요즘내가보는드라마중에서는진짜최고였다. 왜이렇게시청룰이낮은진모르겠지만진심추천한다거짓말안치고. 보면백퍼후회안할드라마.,1
709,1233,틸OO이거잘생겼다// 영화도 좋다//,1
710,8998,일본하면 애니지 진리지..,1
711,26834,10자12245677,1
712,858,배울점이 많은 영화인거 같아요정말 멋진 가족!! 영화추천합니다,1
713,12536,우연히 구린 케이블 채널에서 다시 봐도 끝까지 보게끔만드는영화가 잼있는 영화다이게 그런 영화다으리,1
714,21919,완전 재미있다~~~ 한 번 더 나중에.... 봐야지!!!,1
715,18016,간만에 심장쫄리고 결말도맘에듬/여자가무모했지만 ㅋ,1
716,3774,벽속에서,1
717,4960,미국 영화 사상 최고의 코메디(영어로 보세요),1
718,22037,오랜만에 즐겁고 재밌게 봤어요 !,1
719,830,남자인데 완전 잼잇네요 ㅋㅋㅋㅋ,1
720,28415,"홍콩에서 가장 유능한 감독 유위강, 당시 최고의 배우 정이건, 만화계의 절대적인 위치에있던 마영성의 작품이 만난 최고의 무협영화 <당시 기준으로>",1
721,11150,짱짱재미있었음♥♥♥,1
722,14316,뻔한 디즈니풍 영화같지만 뭔가가 다르다..,1
723,1658,재밌어요~! 처음에 그냥 별생각없이 보다가 푹빠져서 봤네요,1
724,2294,이거보러 영화관가보니까 21석밖에 없어서 못보는줄;;;그래도 존나 재밌었어,1
725,29145,YB가 진리임ㅎㅎ,1
726,28748,마무리가 조금 아쉽고 평범한 저에겐 이해하기엔조금 무리가 있어도 영화배우들의 연기력도 우수하고가족이랑 주제도 잘살려서 우리나라 영화중 좋은해피엔딩에 손꼽힐것같다,1
727,24304,끝내 준다.. 요즘 보는 액션은 전부 다 총질이라 검을 쓰는 이 영화는 신선하고.. 멋졌음.. 주인공 완전!!!,1
728,19985,감독은 브라질을 어떻게 그렇게 표현을 잘하였을까. 그의 섬세함에 다시 감탄,1
729,27440,테스는 가문때문에 망한거아닌가요,1
730,21542,진짜재밌는다큐!>.<어떻게찍었을까생각도들고다큐가어쩜이렇게웃긴가하는생각도든다.>,1
731,24428,사람이기에 가능한 감정들 그리고 그 미묘한 감정의 공유. 질투,1
732,24015,"처음엔 정말 허접해 보이지만, 보면 볼수록 빠져드는 매력적인 영화~!!",1
733,15710,"감동,재미 다있습니다~ㅋㅋ",1
734,27510,미셀을 부르던 뽈레뜨의 목소리가 긴 여운을 남긴다.,1
735,6075,평론가 점수란좀 없애라,1
736,4141,이런 드라마.. 너무 좋아요~,1
737,24019,로맨스코미디 중 거의 탑10안에 듬,1
738,898,걍 픽사 미만잡 대한민국 똥송 애니메이션 반성좀..,1
739,3836,정말 끝날떄 엄마도 못만나고 진짜 슬픈 영화입니다,1
740,261,좋은데요.,1
741,6812,특별한 재능.,1
742,11155,유치한데 나도 울뻔함 결국 레이때문이아니라 친구들의 사랑을 증명해낼때..나도저렇게 순수할때가 있었는데. 재밋엇다,1
743,23652,재미나 나도내일봐야지 ㅋㅎㅋㅎㅋㅎㅋㅋㅎㅋㅎㅋㅎㅋㅎㅋㅎㅎㅋㅋㅎㅎㅋ,1
744,12308,어둠 속의 유령 135명의 희생자 케냐숫사자2마리 작품 도좋고 연기력 극찬!!,1
745,1463,포토 78번에 나온 사람이 무명시절의 성룡!!! 알랑가몰라 ㅎㅎ -진짜임,1
746,29065,재밌어요!,1
747,6896,넘감동적이었습니다. 우리아들이보물성을또보고싶다는데. 구할방법좀알려주삼.평점5점,1
748,16367,평점이 왜 낮은지 이유는 단하나 일본원작을 미리보신분들?? 원작생각안하고 보면 진짜 최고영화!! 몰입도최고 재밌었어요.,1
749,6830,감동적이다,1
750,20239,대작중의 대작,1
751,11460,마틴 스콜세지의 스토리텔링은 진짜 놀랍기만하다.. 고장난 예술가와 자동인형이 오마쥬되면서 흘러가는 엔딩은... 내가본 가장 아름다운 장면중 하나였다..,1
752,6420,"드라마 잘 안보는데~요즘 재미있게 보는 드라마입니다^^ 특히 도현이 '정은우'님 너무너무 멋져요^^전 요즘 정은우님한테 폭 빠져삽니다~~~작가님~ 도현, 하나 꼭 이어주세요~ 둘의 사랑 가슴아파요ㅠㅠ 잘 키운 딸 하나 화이팅! 특히 정은우님^^",1
753,19840,정말 재밌는 드라마.조진웅 역시 훈남이다.,1
754,28195,"기자, 평론가들은 평점이 왤케 짜.평론에 맞게 점수도 줘야지. 참나",1
755,10827,"잔잔한 여운과 감동이 남는,,그리고 오다기리조에게 다시한번더 반하게 만드는 영화",1
756,11388,끝까지 보아라..... 그러면 알것이다~!! 오랜만의 찡한 감동이네요~~~,1
757,8102,엠마 탐슨 참 이쁜 듯.. 성숙한 연기란 바로 이런 것..,1
758,17273,10점짜리 영화다. 시간이 지나도 다시 보고싶은 영화.,1
759,25759,굿굿 재밌어요 11부작이 아쉽네요,1
760,13846,재밌습니다 툭히유아인 연기대박,1
761,28818,11번째 스트라이커 ㅎㄷㄷ,1
762,8381,지상최고의 드라마? 이정도면 될까 ?,1
763,8078,평점이 왜이래? 볼만합니다 평작이상~,1
764,14631,큐브릭이 원했던 이야기를 스필버그의 입김으로 만들어내다. 스필버그 감독의 많은 작품들을 봐왔지만 나에게는 역시 A.I.가 가장 특별한 작품.,1
765,15894,로라레간(메기)이 너무 좋다...완전히 내스타일이다 진짜루 최고의 여자!!,1
766,26311,어릴 때 본 영화. 톰 행크스의 젊은 모습을 만나볼 수 있다. 어릴 때 봤지만 지금도 생생한 환상적인 영화. 다릴 해나의 연기가 인상적이어서 인어가 실제로 존재할 것만 같은 영화.,1
767,24596,"쉽지 않은 소재를 가지고 정말 잘 만든 드라마, HBO 특유의 19금 드라마지만, 드라마 자체만 보면 정말 좋음, 배우들 연기들도 모두 수준급임, 다만 HBO 드라마 특유의 욕과 보기 불편한 장면들이 있긴 하지만, 그래도 볼만함. 추천",1
768,1808,포스터만 보고 중이병걸린 학생들 얘기겠거니 하고 봤는데 진짜 재밌음...사람심리를 잘꿰뚫어보는 영화,1
769,5504,"실제사건을 배경으로만들어서 화제였구요,약간야하지만재밌네요 애들아화력지원해줘!",1
770,21895,"김하늘 첫 악역연기 볼만하고 나머지배우, 그리고 카메오들 연기도 재밌다.",1
771,7207,요섭이가 자주 안나와서 별 하나 깍음ㅠㅠ요섭이 자주 나왔으면 좋겠어요!! 요섭이가 보구 싶어요ㅠㅠ♥,1
772,16702,모처럼 잼나게 보네요^^못난이 주의보도 그랬던 것처럼 좋은 작품이 시청률과 상관이ㅠ ㅠ,1
773,173,"""""""우릴 부른건 저 손이 아니라 욕망이야.""""라는 명대사로 기억되는 영화.""",1
774,6388,좋은작품 잘봤습니다.,1
775,29546,사랑스러운 그녀 아르헨티나 할머니♡ 잔잔한 행복이 다가오는 영화,1
776,10888,이렇게 스크린으로보니 공연장에서 보는 느낌과 또 다른 느낌입니다!!최고!!,1
777,24276,만약 한국배우 따위들을 썼다면 졸작이었을것이다! 헐리웃 명품 배우 니콜키드먼과 소름끼치는 연기를 보여준 미아 와시코브스카가 이 영화를 살렸다!,1
778,3852,괜찮은 영화,1
779,1785,오랜만에 멜로영화 잘봤네요 앞으로도 영화에서 볼수있었으면 좋겠네요 정서윤씨 괜찮네요,1
780,29195,경찰 죽는 장면이 하도 어이가없어 이런 막장영화가있나생각했다. 너뭐하는새끼냐고물어볼때도 예상치 못했다. 뉴스가 나오는 순간 소름이 돋았다. 정말 대반전이였다. 한국이기에 가능한 영화 억지 같았으나 마지막에 뭐든상황을 정당화해버리는 반전 대박이다,1
781,19470,볼만하다...정웅인..,1
782,21437,딱 좋음,1
783,2493,이영화는 평점같은거한번도안해본내가검색까지하면서 평점등록하는 너무좋은 영화같다..보면서 너무 좋은영화라는생각이들엇다,1
784,3648,재미있는데 평점이낮노,1
785,1556,인생은 혼자살수없는것이다,1
786,14001,랩처럼 내뱉는 불어와 멋드러진 액션의 조화.,1
787,4029,영화 끝난후 엄마에게 사랑한다고 문자보내게 되는영화,1
788,9465,"극장영화가 아니라 TV영화임! 이러한 2시간 영화를 찍을려고 해도 몇달동안 무더운 여름에 밤, 낮, 새벽 가리지 않고 잠도 제대로 자지 못하고 먹을것 제대로 먹지도 못하며 열심히 촬영하신 신인감독과 신인배우들에게 노고와 격려를 보냅니다!!",1
789,868,너무 재밌었어요 엄마랑 같이봤는데 눈물흘림 ㅠㅠㅠㅠ,1
790,2261,Carpe diem!!,1
791,2748,재밌습니다아아아짱짱짱,1
792,2659,재미있고 신선하군...흠,1
793,13931,그때는 재미있엇다!!,1
794,446,좋은 영화다. 평론가들은 창의적으로 비평해야한다는 강박증이 있는건 아닌지..,1
795,14311,정준용만 빛났다.,1
796,2903,이 영화 만화영화중에서 짱임. 2번봐도 아깝지 않을 정도입니다.,1
797,14354,소설 너무 재밌게 읽어서 영화로 한번 보고싶은데 자료가 전혀 없네요ㅠㅠ 혹시 파일 있으신 분 계시나요..?,1
798,23384,한번보면 모르는 영화. 두번이상봐야 하는 영화,1
799,24969,이 영화가 왜 8점대임?,1
800,24628,장혁이 나와서 별 다섯개 재밌고 감동적이라 별다섯개,1
801,15797,이영화 또 보고싶다 최고,1
802,22990,아름다운 작품. 많은 사람들이 소음속에서 이작품을제대 감상하지못하는것이 아쉽다.,1
803,28016,이영화 죽여준다. 진짜다 재방영 필수,1
804,23587,뮤지컬의 감동을 극장에서 다시 느껴볼수 있다는 것만으로도 충분한 가치가 있는 영화!,1
805,7169,전광열씨의 연기력이 뛰어났어요. 눈과 입을 비틀듯한 그 표정연기 압권이었어요 ㅋㅋㅋ,1
806,21238,요즘 들어 이런 영화가 그립다....,1
807,21878,최고의 영화다 진짜 리얼 재난,1
808,25269,코끝찡하고 아릅답고 희망적이었다,1
809,18373,"잘 만든 영화 ,역시 드니로는 허접영화는 출연안하네요.",1
810,18257,성장영화는 이래야지 ^^ b,1
811,22150,"화려하지 않으며 정통 스릴러물의 느낌을 아주 잘 살린거 같다.. 메세지도 아주 확실하고, 반전도 좋음. 그리고 끝으로 나의 절친 핵노잼들의 수렁에서 나를 건져준 고마운 영화",1
812,12063,순수한 감동 옛날 드라마를 보고 싶어요.,1
813,4307,이 영화 3번 정도 봤음. 의외로 재미!!,1
814,7663,이 영화는 이런 취급받을 영화가 아님. 내 인생 영화...하. 진짜 이영화보고 김옥빈 사진도 안봄. 영화속의 캐릭터에게 받은 인상 깨질까봐,1
815,9092,재즈음색과 영화의 색채가 동시에 망각으로 들어가는..,1
816,8295,대략 정신이 멍~해지는 영화,1
817,28194,보고싶다......,1
818,14024,포스터만봐도 소름끼치는군!!,1
819,28222,너무 잼떠용,1
820,24178,전형적이지만 지루하지 않은 영화. 잭과 션의 마음이 참 예쁘다.,1
821,1951,종북 빨갱이들은 이영화를 싫어하겠지...,1
822,8515,액션만 보는 나도 가슴이 뭉클해 지게 만드는 영화 .^^*,1
823,5179,"마지막 장면이 압권, 점깐 동안의 정적은 많은 생각을 하게 한다",1
824,16099,"음악만으로도 10점 만점인 영화, 오페라의 유령 짱짱짜응.! 팬텀 역 배우가 정말 굿굿굿굿구웃!",1
825,17586,"우리엄마가 유연석을 좋아해서 저도 따라서 보게 되었는데요.정말 감동적이고,영화 요소요소마다 뜻이 담겨있는것같고,오랫도안 잊혀지지 않을 영화인것 같네요.감독의 연출력이 휼륭해서 그런것 같아요. 그리고 배우들 연기도 볼 만 했고요.좋은 영화입니다.",1
826,21151,잼나네요... 2nd 빠입니다. ㅋㅋㅋ,1
827,7196,에스프레소처럼 진한 멜로. 이런 사랑이야기 요즘은 흔치않은데 너무 좋았어요.,1
828,2847,전혀지루하지않고 재밌다 근데진공상태인 우주에서 소리가웅장하네,1
829,14084,영화가 점점 끝을 달려갈수록 몰입도가 더 높아진 영화는 이번이 처음이네요.,1
830,8460,진짜 저런거 있었으면 좋겠다 개부럽네,1
831,20817,노래도 배우도 모두 좋았던 영화였어요~ 추천합니다^^,1
832,4716,언노운 우먼의 이레나를 어떻게 잊을수 있으요..,1
833,14340,"가볍게 날라가 버린 그들의 삶, 정말 매혹적이다.",1
834,12343,정말 옛날영화라고 무시하지마라...그만큼 컴퓨터 그래픽이 없다 수작! 전우애!,1
835,12552,영화관에서볼만한건아니였지만 재밌었음 후반에 실망감이 조금,1
836,18865,장나라짱 !!! 최다니엘이랑 케미도 의외로 좋음,1
837,26677,풋풋하고 재밌던 드라마 내용은 진부하지만 캐릭터들은 다 사랑스럽고 좋았다.,1
838,22270,최고의 영화로서 “내곁에 있어줘”는 전혀 손색이 없다.,1
839,4602,억지로 쓴 시나리오가 아닌 인생 그 자체라 공감 2만배. 두 배우도 너무 좋다.,1
840,18289,세 배우의 몰입도를 알 수 있는 영화...전반부에 큰그림은 던져놓고 셋의 심리를 보는 관점도 좋았음...주지훈은 딱 인철이였음,1
841,15712,치정과 인생을 다룬 영화. 난 아직도 이영화의 깊이를 가늠할수 없다,1
842,1956,감명깊게 보고 주변에 추천해줬다. 욕 만 얻어먹은 영화...그 후부터 영화를 누구에게 추천해주지는 않고 있지만그래도 우나기는 내 영화 리스트에서 top rank에 있음.또 보고 싶네...,1
843,9106,잔잔하지만지루하지않다..이 할머니가 `새`에 나온다니.ㅎㅎ,1
844,25885,그나마 2가.제일난듯,1
845,13471,최고다 말이필요없다....,1
846,9587,본디지의 달인 반 다크홈,1
847,15887,아.. 살아있는 머큐리 목소리와 그리고 왜!! 한국에는 내한안왔냐고! ㅠㅠ 하긴그때는 내가태어나지는않았지만 ㅋㅋ 웸블리 퀸공연이 몬트리올 보다는 전설급영상인데 그리고캐나다인들은 열광적이지가않았어ㅋ 웜블리공연때는 영국인들은 진짜 엄청열광적이였는데,1
848,8478,난 재밌었는데...마지막 하지원 연기도 진심 좋았구 왤캐 욕해대는건지ㅜㅠ다 색안경쓰고 영화 막깎아내리는거 아님??,1
849,29631,뒤늦게 보고 완전빠져듬! 두배우 연기 호흡 환상~ 스토리도 좋고 최고임!!,1
850,4320,"시즌3 넘 재미나요!!!!멤버들 다 솔직하고 좋고,이번특집 넘 감동적이었어요♡♡♡",1
851,196,어린 외계인역 하신분 귀엽네요..ㅎ,1
852,3726,코믹하면서도 감동적으로 만든 휴먼드라마,1
853,743,윤성호감독은천재아닐까,1
854,24932,정말 좋은 영화인데 그동안 왜 보지않고 있었을까요.. 너무 좋아요. 최고,1
855,29675,"사실 이 영화본계기가 피비케이츠의 파라다이스를 보려다 파라다이스가 블루라군의 아류작이라길래 먼저보고 보려고 했는데, 일단 브룩쉴즈 미모에서 10점은 깔고가는.. ㄷㄷ 20대 초중반이라 브룩쉴즈의 리즈시절을 몰랐는데.. 교훈, 재미도 있고 ㅎ",1
856,15015,김지훈...쨔응..태욱이진심...와..빠졌어요.ㅠ오늘 진짜 슬펐어요.작가님 너무 멋있어요.작가님같은 사람되는게 꿈이에요.,1
857,7638,케릭터가 하나하나 살아있어 1초의 여유 시간없이 시청 해요,1
858,5178,올해 본 영화 중에 최고였어요! 원작과 다른점을 찾는 재미도 쏠쏠했습니다!,1
859,24410,정말 잘 만든 저예산 B 급 영화. 유쾌.상쾌.통쾌. 극단의 폭력이 나오는 장면인데도 잔인하다기보단 웃음이 터진다.,1
860,3170,조용히 충격적인 반전. 스토리도 배우도 화면도 모두 만족!,1
861,4465,당시 한국스릴러영화의 한단계 업그레이드된느낌이었다,1
862,25931,정말 재미있었다. !!,1
863,28891,불편한 영화일 수는 있지만 주변에 가능한 일일 수 있는 영화입니다. 모든것을 가진자와 가진게 없어 잃어 버릴게 없는 자는 무법의 사회에서 가진게 없는 자가 무적일 수 있습니다.,1
864,27125,재미있고 흥미진진함 강추합니다!,1
865,28310,마음이 훈훈해지는 영화다. 택시기사의 연기도 좋았다~특히 유하나씨 넘 이쁘셨음.^^,1
866,12784,친구들이랑 같이 집에서 봤는데 재미있었어요.,1
867,11439,한국식 500일의 썸머?,1
868,18818,2009년 극장에서 봤을땐 재미없었는데 지금 다시보니 소름돋는다.,1
869,29881,가족들 관계에서 생기는 복잡미묘한 심리를 세심하게 표현해낸 것 같다. 오랜만에 많은 생각이 드는 영화를 만났다. 배우들 연기는 두말할 필요없이 훌륭하다,1
870,6875,이제훈때문에 10점 ㅠㅠ,1
871,2709,컬트 멜로 스릴러를 넘나드는 재미,1
872,418,원스를 뛰어넘는 최고의 음악영화,1
873,21752,완전 10점 영화 내가 이렇게 자주 본 영화는 없을 것이다.,1
874,7133,선라이즈의 설레임부터 미드나잇의 농익음까지... 넘 현실적이어서 씁쓸하긴 하지만 18여년의 시간과 함께 세월의 무게와 가치를 느끼게 하는 이런 영화를 앞으로도 볼 수 있을까? 죽을 때까지 그들의 이야기를 계속 봤으면 하는 바람이다.,1
875,4230,어떤 상상을 하였는가..?? 별다른 가감없이 선택했다면 충분히 만족할 수 있엇으리라 본다 나름 재미있었고 그래서 즐거웠고 간만에 웃으며 엔딩을 봤구만..^^ 그래서 결론은 10점!^^/,1
876,2600,오멘은 1편이 젤 나음. 초딩들은 뇌가 어려서 이해못한다. 초딩유아들은 꺼지고,1
877,19698,아마 극장개봉하면 입소문으로 백퍼 1위할듯요 ㅎㅎ,1
878,21996,감동입니다. 10년이나 지났지만 당시에 뉴스가 잊혀지지가 않습니다. 故 이수현님의 삼가 고인의 명복을 빕니다.,1
879,13427,재미 있습니다.,1
880,15696,개인적으로 1234편중에 최고였다. let it go indi ←이말은 진짜 잊지 못할듯..,1
881,9076,좋습니다.,1
882,23670,중학교 1학년 이 영화를 통해 처음으로 영화의 재미와 매력을 알았다. 이후 몇번을 다시 봐도 볼때마다 깊은 울림을 주는 힐링 영화,1
883,15992,야한코드가 넘 많이 나와서 남자가 더 선호할 영화구만 ㅎ,1
884,3360,미국판 악마를보았다ㅋㅋㅋ,1
885,26037,good~~,1
886,10814,공효진의 잔잔한 연기 넘 좋다,1
887,22211,"전반적으로 무거운 느낌의 영화네요.가비의향과맛처럼,씁쓸함이 느껴집니다.장윤현감독님께서,커피부분에관해 신경을 쓰시다보니,연출부분에있어서,좀 미흡하지않았나싶고, 배우들연기력은 괜찮았습니다.",1
888,23513,"황혼 부부뿐만 아니라 결혼한 부부라면 이 영화를 통해서 많은것을 느끼게 할...좋아하는, 연륜있는 두 배우의 연기에 빠져서 보았다.",1
889,1677,ㄹㄹ,1
890,27388,괜찮은 영화,1
891,16844,초딩이보면 이해가,1
892,29052,"""무조건적인 관용의 오만함. 그러나 결국 그들과 나는 다를 바 없음을 깨닫게된다. """"네가 받아 마땅한 벌은 그들도 받아야 한다""""""",1
893,19645,아이들이 너무 행복했어요,1
894,9657,가슴이 바운OO운스~,1
895,6105,인생과 이 모든것에 대한 절대적인 답은 존재하지 않는 다는 것.. 유치해 보일 수도 있겠지만 이 영화는 심오함을 바탕으로 만들어졌다.,1
896,894,재밌음,1
897,21804,저에게 이 영화를 볼 수 있는 기회를 주셔서 감사합니다.저의 마음의 상처가 조금씩 아물어 가는거 같아요.다시 한번 감사드립니다.,1
898,22600,이건 전작들이 너무쎘다 진짜.. 나쁘지않았던 후속작.,1
899,4382,슈렉시리즈는 정말 최고에요 마지막이라 너무 아쉬워요ㅠㅠ,1
900,21246,언제 보아도 상큼한 영화^^ 괜찮아^^,1
901,6709,gozu****님아 참낰ㅋㅋㅋㅋ님은 그럼 짱구나 보세욬ㅋㅋ무슨 윤회사상임 니가 그렇게 단순화 시키니까 재미없는거지. 감독이 생각하는 진리를 이렇게 훌륭하게 풀어낼수가 있나. 평범한 편집이 하나도 없을정도..진짜 이 감독님 존경합니다.,1
902,11928,재미있게봄 요세나온 쓰레기같은영화보다 훨씬재밌슴,1
903,22871,정말 좋은 영화.. 죽고 싶으면 보세요.,1
904,19451,상큼 발랄 코미디. 오랜만에 영화보고 기분좋았다^^*,1
905,4831,4번정도 봤습니다. 그래서 알았습니다.,1
906,18796,게임의 편견을 버려야지; 제목 잘못만든듯...,1
907,21378,아.. 정말 마지막에 눈물이... 내겐 정말 기억되는 작품 중 하나가 될 듯 싶어요..,1
908,17219,..,1
909,13414,최고다 필립스...10,1
910,20912,B급 영화의 A급 메이킹 필름. 마이너의 인생까지 돌아보게 한다,1
911,7066,예상치도 못한 사가 한국방영!이번 영화의 더빙에 참여해주신 모든 성우분들께 갈채를 보냅니다! 수고많으셨습니다!,1
912,7479,인간이라 하기엔 김일성 일가 족속들이 OOO기로 보인다 김일성 대가 끈겨야지 북한이 사람처럼 살거다,1
913,19863,눈물없이 볼수없는영화,1
914,10562,안보면 후회 정말 재밌죠.마무리도 좋았던 드라마,1
915,11705,"나에게도눈부신하루가있었나돌아보게했고,이순간을소중하게했다",1
916,8810,신애의 연기력이 돋보인다,1
917,4187,감동적인 스토리...ㅠ,1
918,19604,"보는 내내 가슴이 답답하고, 마음도 아프고, 힘없는게 서럽기도 하고 참 복잡한 심정으로 보았습니다. 모든분들이 꼭 보셔야될 영화인듯 영화아닌 영화같은 다큐인 것 같습니다.",1
919,2353,티비에서 할때마다 계속본다 화려한 액션씬 때문인지 질리지 않는 영화,1
920,21144,"영화 보는 중간중간 맛깔나고 흥겨운 재즈를 들을 수 있어서 일단 좋았고, 상처받은 두 남녀가 아파하면서도 서로 그 상처를 보듬고 이해해주며 극복해 가는 것이 인상적이었다. 프랑스영화 좋아하는 사람들한테 좀 더 재미있게느껴질것같기도....",1
921,4678,이런 멜로가 요즘엔 드문듯하다,1
922,25339,인생의 회전목마 ... 이 단어로 모든 설명이 가능한 영화 .,1
923,13254,난재밌기만한뎋ㅎ 김하늘짱짱ㅎㅎㅎ,1
924,17173,여러가지인물들의 각기다른증언들..두번은봐야겟네요역시 사랑은 믿음이 중요하다는것을 말해주네요빨간장갑과 군화를 토대로 더 재미잇게 이야기를 전개하는듯..,1
925,22180,가슴이 저릿저릿하다,1
926,1634,김수로 너무 좋아,1
927,19954,"미군과 월맹군, 그들은 꽃다운 군인이었다. 그리고 용감했다.",1
928,5704,어떻게 이런 아름다운 작품에서까지 별점 테러를 할 수가 있죠? 요즘 사람들의 일그러진 인성이 부끄럽습니다,1
929,4580,사미 나세리 정말 좋다 시리즈로 다 사놓고야 말겠다,1
930,18957,진정한 명작...,1
931,687,재밋다 한마디로... 프랑스남자 진짜 멋지다 매력들이 철철 넘쳐...,1
932,10873,명작이다.,1
933,20908,확실히 덱스터 이미지가 무척이나 강해서 나레이션을 들을땐 오늘도 아버지 해리랑 파티사냥인줄,1
934,10075,비록 종교가 카톨릭은 아니지만 기도하고 싶어지내요.,1
935,15063,굿,1
936,19932,너무 재밌게 봤습니다. 진정 김유미씨 최무성씨를 알게해준 감사한 드라마 또 뵈요 ~,1
937,23846,이 정도의 몰입감은 처음이다.,1
938,8583,"톰크루즈며 조연 배우들도 하나같이 멋있다, 전개는 좀 아쉽지만, 30년 가까이 지난 지금 봐도 좋다. 내가 태어난 해에 개봉했는데 그때당시엔 엄청난 파장을 일으켰을듯. 내 꿈도 파일럿이였는데, 비록 공무원이되었지만, 다음생엔 파일럿이 되고 싶다.",1
939,18720,저망재밌어여사회에관한내용 정막죽여요,1
940,12836,빈약한 스토리 따위는 날려버리는 '진심'의 물량투하!!,1
941,28708,"군인이 가져아할 것 , 그것을 모두 담아서 표현한 영화이다.이 나라를 위해 죽어서 기쁘다.",1
942,25521,메세지도 명확해서 좋았고 재미도 있고 뭔가 보면서 마음이 편했음,1
943,10510,소재부터 색달라서 끌렸던것같구요 정말 볼수록 흥미진진해요ㅋㅋ,1
944,26411,울 조카들 어제 보고 하루종일 얘기하네요 ㅋㅋ 스타더빙없이 오랜만에 좋은 애니메이션 관람!,1
945,14958,이거 옛날에 초딩때 재미있게 봤는데... 다시 보고파. ^^,1
946,1806,이건진짜명작이죠,1
947,16166,음악의 힘..눈물을 만들어내는 인간이 만들어낸 가장 자연스러운 힘..,1
948,2861,좋았다.(열자..),1
949,4581,"평점 믿지마세요ㅎㅎ배역 이름이 홍진호라는 부분에서, 만년2위 프로게이머 홍진호를 기념하기위해 2.2점을 맞추려고 네티즌들이 힘써서 그렇습니다ㅋㅋ",1
950,6921,ㅎㅎ 나도 중학교때인가 너무너무 좋아하던 감동적인 영화였는데 역시 기억하는 사람이 많군여 ㅎㅎ 다시 보고싶다 ㅎㅎ 지금 보면 오글거릴수도 있지만,1
951,24243,재미있어요. 한번 보세요. 장난감들이 특히 재미있어요.,1
952,9727,아쉬운 부분도 있지만 나름 만족함 ㅋ,1
953,15893,인문학도는 이 영화를 좋아한다.,1
954,7500,"10년전쯤 텔레비로 보았는데, 죽어도 안잊혀진다....",1
955,4308,아 뒤치기만 아니였으면 스파르타가 이긴건데 그 배신자 새x 때문에 뒤치기 당해서 짐,1
956,1431,나름 볼만했음~ 굿~~,1
957,23408,잔잔한감동을준영화.보고난후감동의여운도길었네요~오늘장진영님의이영화가보고싶어요,1
958,9108,영구시리즈중에 가장 재밌었다는;;;ㅋㅋ그립구나..,1
959,14106,고양이의 발톱에 사형권을 합한다면..,1
960,12441,무공해 음식을 먹는 듯 영혼에 좋은 영화,1
961,17718,재밋어요ㅎㅎ또보고싶은영화!!,1
962,13279,별 기대 없이 봤지만 참 따뜻하고 뭉클한 영화.,1
963,18861,오... 재미있네..ㅋㅋ 즐거웠어요 ^^,1
964,12559,이젠 요즘 리암니슨 액션대세인가? 리암니슨은 기대가 안가는 배우임에도 불구하고 하나같이 그의 영화를 보면 몰입하게 만든다! 그만큼 단순히 보여주는 멋있는 영웅같은 액션씬이 아닌 내면 연기나 관객들을 끌어들이게 만드는 그런 연기를 매우 잘한다는 것!,1
965,3834,괜찮았음 2도 빨리보자,1
966,17272,인생의 마지막을 담담하고도 아름답게 준비하는 과정을 담은 영화. 너무 감동적이에요,1
967,5959,봤는데 완전 소름 쫘~~~ 실화 기도 하고 소녀 가 불쌍 했음 마지막 에 그소녀는 악영씨었 다는 충격 받고 타죽음 ㅠㅠ,1
968,1140,오빠들 덕분에 웃을 수 있었고 행복했어요~^^,1
969,18258,1편만큼 재밌어요~ 대박웃긴 영화~ 코미디 장르의 지존인듯~,1
970,4859,개꿀잼....특히 자동차추격씬....소름...,1
971,17520,다좋은데 택시기사 왜욕해 ㅁㅊ넘들아,1
972,17692,평점이 이해안될정도로 간만에 정말 재밌게본 전쟁영화였네요. 일단보시오~ ㅎㅎ,1
973,8919,험난한 상황을 잘 이겨낸(?) 아줌마..정말 귀엽군..ㅋ,1
974,24782,조이진씨 너무 담백하네요 재발견 감사,1
975,6419,너무재밌었다......,1
976,20535,최고다 그냥..!!!,1
977,14813,평점 왜 이렇게 낮죠? 잼있는데...,1
978,13226,미생과 또 다른 현실사회..답답하고 화가나지만 공감 10000%,1
979,18046,박현성 이분 진짜 완전 멋있습니다..대단.. 영화도 짠하고 눈물 나와요..꼭 보세요!!,1
980,11453,"음악, 서예, 검술 그리고 대의, 꾸며낸 이야기는 인간의 탐욕과 질투를 이야기 하기도 ..",1
981,23053,사이비목사 신도들은 많고 진실한 목사 설교는 듣기 싫어한다,1
982,22563,재미있어요!!!,1
983,24724,전설의 주먹 배우들은 격투기의 격자도 모르는데 이 영화는 진짜 현실감있게 종합격투기를 잘 그려낸 영화,1
984,16877,너무 감동적이에요 ㅜ...,1
985,15636,또 볼 겁니다. 최고였어요.,1
986,17673,힙합과 발레 정말 잘 어울리더라. 이 영화 나온 후로 자주 챙겨볼 정도로 넘 좋다.,1
987,20583,ㅋㅋㅋ 난 이런 종류 재밌다.,1
988,2626,"모든권력은 대한민국 국민으로부터나온다.라고헌법 1조에 명시되있는데, 직무유기에다가 국민의 기본권을 무참하게 짋밟아버린 대사관사람을좌천만가지고 될일인가?아니 이게말이되나?국민이있으니깐 권력이있는건데 이런 자만과오만에 찌들은사람들ㅡㅡ",1
989,12958,현대전쟁 영화의 기점이자 최고의 명작,1
990,18272,보는 동안 눈물만 글썽인...,1
991,2288,요세는 이런 소름끼치는 시트콤못만드는가?? 하긴 뭐 만들어봤자 아이돌뇬놈들이나 우루루 나오겠지!,1
992,27387,처음으로 평점주는 영화.. 막 울면서 봤네 꺼이꺼이,1
993,10949,북극은 지금 우리들때문에 눈물도 말라가는 거 같넹..ㅠㅠ,1
994,23704,배우들의 실감나는 연기에 그냥 빨려든다.,1
995,4286,이영화가 재미없다면 앞으로 더이상 액션영화는 보지말기를..,1
996,20643,굳,1
997,17825,하하 연기 잘한다,1
998,851,유지태 너무 멌있다,1
999,3385,폭력과 살인이 일상이고 양심에 위배되는 행위가 아닌 세계,1
1000,53512,이야기를 꼬아놓고기만 하고 풀지를 않았다.,0
1001,57827,완전답답한영화임ㅋㅋ지혼자무서운상황만들고 괜히분위기거지같이만들고 여자발연기,0
1002,33009,분명내가이걸 TV에서본기억이..,0
1003,51547,생각만큼 별로다..흑인꼬마는 귀여웟다,0
1004,38198,원오브어카인드 원오브어카인드,0
1005,46601,왠지 ......짜증나서 못보겠음 ..여자주인공 정말 싫었음,0
1006,36922,정말 이 영화 평점이 이 정도라는 건 말도 안된다. 이름 날리지 못 한 감독의 작품들도 이것보다 뛰어난 작품 수두룩 하다. 겉멋만 든 영화.,0
1007,36943,"미얀하지만. 스토리를 상황극으로 만든거 같다 , 또하나의 단점은 억지로 웃길려는거와 , 지루함",0
1008,50431,완벽유치! 긴장감 제로! 역겨운 장면들만 삽입하면 다 공포영화?,0
1009,57552,내가 아는 최악의 영화. 내가 아는 최강의 주인공. 트랜스포머vs수여도 수의 압승일듯,0
1010,31931,월드스타같은 소리하네 ㅋㅋㅋㅋ,0
1011,54218,"내용도 없고,,,액션도 막장,,,돈 아깝습니다.(평점 0점이 않되서 1점줌)",0
1012,44982,"딱 한마디면 된다. 총체적 난국.시작부터 배우들 연기에 실망하고, 뭐에 힘줘야할지 모르는 감독의 연출력에 실망하고, 특이한 소재 못살리는 시나리오에 실망하고, 심지어 음악까지 실망한다.이걸 끝까지 본 자신에게까지 실망하게 될지도...",0
1013,47682,A급으로 시작해서 B급으로 끝나는 영화.,0
1014,56063,몽골 단편영화..-_-,0
1015,31653,타임슬립 드라마의 최고봉은 역시 인현왕후의 남자구나! 닥터진은 거기에 비할 바가 못되는...,0
1016,32427,"여러분,모두 낚인 겁니다.이건 극장판이 아니라 일본 tv에서 방송된 스페셜본입니다.그러니 극장판보다는 질이 떨어지고 재미가 없는게 당연할듯.",0
1017,35851,정말 제목 그대로 창피해...,0
1018,39911,사랑하는 사람보다 자신을 사랑해주는 사람에게 가버린 여인?? 결말이 이상해,0
1019,50668,말도 안되는 순위 발표 후 비아이랑 바비 음원 돈내고 받안습니다. 꾸준히 들을만해서....,0
1020,31893,여자납치해서 뽀뽀할라다가 애엄마에게 죽임당하는 영화,0
1021,36341,뒤로 갈수록 낚였다는 생각이;,0
1022,58850,미안한데 사투리빼고는 재미있는게 거의 없었어,0
1023,44231,시청률 10% 정도 나왔으면,0
1024,35432,"살다살다 이렇게 헛웃음만 나오고 긴장감 없는 영화는,,1편을 3번 봤고 재밌게 봤었는데 이건뭐,,? 더이상 왜 rec인지도 모를 제목과 흐지부지하게 진행되는 스토리 정말 짜증나는 엑스트라들 말투 그리고 호구같은 연구원들 한가지 장점은 여주가 이쁘다",0
1025,33291,소피마르소의아름다움..그러나뒷끝으로갈수록 지루하고이해하기힘든작품,0
1026,35404,아나장난하나. 아담샌들러완전실망,0
1027,39044,이놈에 한쿡영화는 조폭 형사 빼면 뭐 할게없지?,0
1028,40295,3류 80년대 영화보다 나온듯한... 조명없는 어두운곳에서 찍은듯,0
1029,34468,슬픔의 눈물이 요구되는 장면에서 하품의 눈물을 뽑다.,0
1030,59176,역시 시청률에는 막장 드라마가 최고. 드리마 시청률 1위 왕가네 식구들 2위 사랑은 노래를 타고,0
1031,50845,뭔가 해보려고 하긴 했던거 같은데 처음부터 끝까지 대충대충.,0
1032,42730,"그럼 나꼼수, 광우병pd수첩이 정론지인가요?",0
1033,48247,120억의 결과물 맞나?,0
1034,37731,재미없다. 그냥 그래픽 안좋아요.,0
1035,33949,"진.부.한.스.타.일.. 케서방이 빚더미 위에 올랐다던데, 그래서 다작하는 거였나?",0
1036,37092,역겹고 구역질 나는 영화,0
1037,34812,수준이 낮아도 엄청 낮은 영화 이 감독 영화 안본다,0
1038,36502,"▷우린 영화를 보러간 거지, 뉴스를 보러 간게 아니란 말야! ▷담고있는 내용이 아무리 좋아도 포장이 엉망일때 나오는 결과물! ▷웬만한 TV다큐만도 못한 다큐!",0
1039,57759,남자 둘다 똑같은 인간이네..,0
1040,42687,이게 영화야? 비키니 때문에 끝까지 봣다. 잘만드는게 야동뿐이지?,0
1041,43934,솔직히 이 정도 평점은 심한디ㅋㅋ,0
1042,43157,오랫만에 영화보며 즐거웠고 주인공 이발 좀 했으면 한다.,0
1043,54235,이영화 찾아다닌 내가 한심스럽다..,0
1044,31585,지루하도다!!지루하도다!!,0
1045,57941,대망작입니다진짜토할뻔했습니다,0
1046,43847,유치한 설정에 이연걸의 액션까지 빛이 바랜다,0
1047,47312,매니아에겐 좋은 영화/나에게는 지루하고 산만한영화,0
1048,37014,아무리 영화라지만 정서상으로나 말도안되는 스토리네,0
1049,34216,두번째 평점이나까 1점 드릴꺠,0
1050,41457,재미없어,0
1051,30867,아무리 폭격기를 그래픽으로 개떡칠 했다고 하지만 폭격기가 한번 뜰 때 마다 수백대는 되는 거 같다! 좀 적당히 해라!,0
1052,54262,스타댐 자꾸 이러면 세이프 ㄴㄴ 아웃ㅇㅇ,0
1053,43528,재밌긴 재밌는데 여주인공 너무 사기인듯...,0
1054,56741,"역사얘기보다 영화배우, 감독들들에게 더 관심이 간다",0
1055,44371,이딴것도 드라마라고.. 아휴,0
1056,36213,걍..,0
1057,45630,이건 영화가 아니겠지?,0
1058,50731,시간도 아까운 초허접 영화 정말 보는 내내 고문이었다 음악도 졸라짜증난다,0
1059,40984,신격화된 플라톤주의를 동양적 모호함으로 탈색한 영화. 재미없는 뷰티플마인드 버전,0
1060,50182,막장?대체 자식이랑 가족은 있는 인간들이 만드는지그냥 미혼모면 좋은사람 나타나고? 가족이든 말든 끌리면 결혼? 자극적인게 그리 궁한건지ㅠ스토리 정화운동 이라도?,0
1061,58268,"ㅋㅋㅋ 아무리 구라를 치는 영화라지만, 이건 머 밑도 끝도 없음,, 그럴만한 상황설정도 없이 다짜고짜 결혼하겠다고 난리,, 이 무슨 개판인가",0
1062,56417,정말 실망이 많은 영화 그냥 분위기만 어둡게 할 뿐 뭔가 특별한 비밀이나 반전은 전혀없다.,0
1063,55047,영상미 같은 소리하고 있네 영상기법땜에 눈알 아픔..정신없고 산만하기만 하고 내용이 뭐 글케 재밌는 것도 아닌 뻔한 내용 뭐보고 명작이라 하는지 모르겠다. 액션도 하나도 없고 뭘 보고 진리다 뭐다 하는지 참..,0
1064,51713,기덕의 쓰레기 시리즈. 이런 쓰레기에 상까지 준 놈들도 같이 쓰레기.,0
1065,41639,이런 영화만드는거야 자유지만 관객으로서 정말 수난이다.,0
1066,31765,송선의님은 알바인가?,0
1067,45021,개연성도 없고 설득력도 없어요. 싸이코와 두뇌게임하는줄 알았는데 너무 실망이에요. 영화 내내 답답하거나 오글거리거나 둘중 하나네요.,0
1068,49487,유치하고 재미없음 이게 왜 평점이 이렇게 높냐,0
1069,58226,남친을조심하라 ㅋ 대략어이없어,0
1070,57877,"짝퉁매그놀리아, 어느하나 애정가는캐릭터도없고 지루하다.",0
1071,30978,알맹이는 고사하고 껍데기도 알차지 못했다.,0
1072,36859,"배끼기 좋아하는 짱개들이 메트릭스, 영웅, 300등 많은 장면을 배꼈지만 지루하다",0
1073,47376,좀끝내라 앵간히끌고가야지1점주기도아깝다 ㅡㅡ,0
1074,35250,짝퉁을 영화관에서..,0
1075,39397,괜찮게 보았어요... 다소 시끄러운 건 좀...,0
1076,58772,아 재미없다.. 여기저기 짜집기에 시나리오도 어설퍼..,0
1077,34855,성인영화도 아니다... 스릴러물 비슷하게 좀 만들러보려고 한 그냥 3류 영화,0
1078,44242,"졸작임,1편에서는 검무랑 다양한무공이 멋있는데 2편은 바늘쇼랑 손쓰는 무공정도?",0
1079,53346,35년쯤전에 이거보고 왜 울었는지 지금보니 이해불가,0
1080,51957,평론가의 의견에 전적으로 동감하는 영화 중 하나,0
1081,40029,보다가 잠든 영화ㅡㅡ; 저랑 안맞습니다,0
1082,37172,티모충 ㅋㅋㅋ,0
1083,46708,다행이다.다운 받아 봐서 ...이래서 어둠의 경로는 어느정도 살려놔야 해.그래야 영화관에서 쓸데없는 돈 날리고 시간 날릴 일 안생기지..,0
1084,57045,에밀리반캠프 발연기때문에 싫어연기 너무 못함,0
1085,35284,"김민종, 이경영 조합은 최악. 김민종은 진짜 영화와 인연이 없는 듯",0
1086,40711,내 동생은...,0
1087,55937,연기 정말 못한다.... 오래된 인력거에 반에 반에 반도 못따라온다... 이성규감독 마지막 작품 너무 아쉽네 ㅜㅜ 뭐 이러냐 연기때문에 다 말아먹엇다. 다큐맨터리 연출은 뛰어나지만... 영화연출은 정말 아니다 케스팅도 아니고,0
1088,35785,진짜 재미없을정도로 못만들었다 캐릭터들은 이해가안갈정도로 비현실적이며 애들소설에나나올설정...실소가나온다 ㅋㅋ섹스앤더시티보다 이걸 보면얼마나 덜떨어지는지 잘알듯..배우들이 아까울정도,0
1089,38385,"아나,,,프랑스 영화...ㅠㅠ",0
1090,50883,예전엔 이런 것들에도 재미를 느꼈었구나.,0
1091,52045,그냥 어이가 없네...,0
1092,39946,일본자금으로 인해 일본을 위한 짜증유발영화.,0
1093,40193,이건뭐 그저 안습,0
1094,43642,오페라보다재미없다좀더현실감있게하려고한건알겠는데그냥러브포션등장하는게더재밌어,0
1095,45158,"이병헌이 문제가 아니다. 총체적 난국이다. 영상을 예쁘게 꾸미는 데만 급급하고, 내용, 연출, 대사 등 나머지는 모두 엉망인데다 유치하다. 마치 HD로 리마스터링된 옛날 B급 무협영화를 보는 기분이었다.",0
1096,38526,이건 정말 아니라고 단호히 말할 수 있다,0
1097,59993,내용없고 억지감동킬링타임용으로도 보는시간이아깝다,0
1098,39183,감독의 뇌가 날라갔나보다....,0
1099,31803,내가 미쳤지...올레티비로 4000원결제해서 지금 보고있는데 최시원나오길래 한국영화인줄알았다가 낚였네..낚였어..내가 최시원팬이지만 이 영화는 보지마셈..저같이 돈주고는 저얼대 보지마세요...아..울고싶다...,0
1100,41302,잘나가다가 마지막에 아쉬웠던 영화,0
1101,45109,"앞으로 더이상 관객을 우롱하지 마라.이게 무간도4면,내가 니 애비다-다스 베이더.",0
1102,47837,변혁 감독의 색다른 멜로 허나 결과는 실망적,0
1103,30137,"""내용,볼것없는 액션분위기 조성영화..이런시련을 겪은후 """"뚝방전설""""이 탄생했다""",0
1104,57056,긴장감은 없고 전개는 부자연스럽다,0
1105,55384,"망한 작품에는 다 이유가 있다는 것이 이 바닥의 정설.혹시나했는데,역시나 맞는말...",0
1106,33458,박평식이 6점줘서 혹시나 했다... 결국 아무것도 하지 않았으면 아무일도 안 일어났을 영화,0
1107,58237,아이마스 만세,0
1108,51778,"머 신시티하고 비슷하다길래, 봤는대, 이건 머 어설픈 멋부리기용 영화, 무엇보다, 일본애들이 나오면 영화의 질이 떨어지는듯 한. 2.5류영화",0
1109,58786,헬기는? 헬기는? 헬기는? 헬기는? 헬기는? 헬기는?,0
1110,30763,전기 영화가 재밌는 경우가 손에 꼽긴하지만.. 정말 심하다.,0
1111,31222,너무너무졸려요ㅠㅠㅠ,0
1112,55922,뭐지유승준인가?ㅎ,0
1113,52680,재미있고 없고를 떠나서... 이건 불쾌감주는 영화던데... 관객모독,0
1114,56143,"시대를 역행하는 액션신인 거 같네요. 80년대 취권이 유행할 때의 영상을 보는 듯한 느낌이에요. 이건 다른 말이 필요 없네요. 재미가 하나도 없네요. 시간 아까워요. 물론 결투에서 중요한 걸 전달하려고 한 건 알겠는데, 눈이 너무 심심해서 별로예요.",0
1115,53825,마이너스 만개의 별을 ...시간만 늘리는 발연기들 이제~~~ 그만~~~,0
1116,53563,전형적인 미국식 코미디,0
1117,33868,단순히 제작비 문제만은 아닐거야,0
1118,35557,그냥 미친영화 재밌을줄알고봤는데 여자애가 영화내내 퍽퍽퍽 거리고 살인마는그냥 계속죽이기나하고 진짜 OOO기영화.... 여자가진짜미친거같음...퍽이이영화의모든걸다설명해줌,0
1119,53023,"셀마 헤이엑의,오른쪽 가슴에,2점...셀마 헤이엑의,왼쪽 가슴에,2점...합쳐서,평점4점.너무 많이 쳐줬나?후회되네~(웃음)그렇다고,무조건 후려쳐서 더 깎을수도 없고...",0
1120,34711,뭐 내용도 없고 소설 속에서나 가능하고 배우들 엿멕이는 쓰레기 영화 그 이상 그 이하도 아니다. 아! 내가 이걸 왜 과거에 돈 주고 봤는지... ─.─,0
1121,35753,childish ...,0
1122,34338,끝까지...봤다....,0
1123,52302,제목만 웃긴듯..,0
1124,38496,진심 내가 여태껏 본 영화가 매우 많은데도 불구하고 이런 재미 감동 유익 교훈 어떠한 것도 없이 그냥 쓰레기 같은 영화는 처음본다 그냥 대통령도 일상 우리들과 다름이 없음을 보여주는 영화같은데 진심 와 닿지를 않는다 말이 안되니깐..,0
1125,37023,"학원물, 로맨스물, 우정물 다 때려 넣었지만 이렇다할 이야기의 재미도 찾지 못했고 전투씬에 몰입이 되는 것도 아니다.",0
1126,54019,흠....좀 심한데;;;,0
1127,52856,2편 캐스팅 연기..연출 캐안습 뭘찍는지 모르고 대사만...쯧쯧 1~3편은 볼만,0
1128,53923,야 이거 좀 완결좀 보여줘바 씨발,0
1129,53326,"가이드의 틀에 박힌, 호프만의 런던 나들이.",0
1130,49281,..,0
1131,50514,도대체 무슨. 이게 공포영화?? 여주인공만 바꿔서 애로물 정도의 내용으로 만들 수 있지 않을까 싶다.,0
1132,50981,보라는 사람이 이해 안 가네요,0
1133,30726,명작을 연이어 내놓음과 동시에 이제 자신의 명작을 뛰어넘지 못해 한없이 추락해가는걸 우린 느낄수있다,0
1134,49231,평점에 속지 마세요....첨부터 지루해서 죽는줄....뭐가 재밌단건지...,0
1135,41801,완전 재미없음,0
1136,56899,내가 정말 영화 사람들이 재미없다고 하는것도 재밌다고 느끼는 편인데 사상최악,0
1137,53161,tv돌리다 나와서 잠깐 보는데 정우성이 1000:1로 싸우는 장면 1000명이면 뭐해 바람만 불어도 부서지는 헛개비..,0
1138,35482,문도.아리??? 노린건가??,0
1139,54048,직업에 귀천은 있다.,0
1140,56511,시간아까워... 우뢰매다 진짜,0
1141,54697,"공원에서 죽치다가 개 끄는 미녀 건졌네, 아유 로만 폴란스키는 왜 나와",0
1142,44226,그의 죽음은 오직 이 영화 관계자들에게만 호재,0
1143,42000,별로 재밌지도 않고 마누라는 여잔 끝날때까지 쨍쨍거리고 목소리듣다가 돌아버릴것같다는...카메론디아즈 영화선택이 참 별로인거 같네여 마스크이후로 기억남는 영화가 없으니...,0
1144,48580,변죽만 울리다 말았네.,0
1145,44199,제시카 알바언니 보려고 봤더니언니는 그닥 나오지 않고 제시카 알바는 정말 예쁘다.,0
1146,41406,이렇게 웃기는 공포도 없을듯,0
1147,44962,재미가없네..,0
1148,55502,이거 보느니 원피스 보는게 나을 듯 싶네요. 애니도 너무 옛날꺼입니다. 토이스토리 1 보다도 못한 애니입니다. 그만큼 요즘 추세에 맞는 그림체가 아니라 오래된 그림체 입니다. 내용도 대화도 다 부자연스럽고 따분합니다.,0
1149,56087,????/?이게 감동적이라고??이거 보는데 시간 아까웟어요ㅜㅜ,0
1150,32238,흠.... 요즘엔 성기노출은 별거아님... 다만 재미가 문제지...,0
1151,57209,또 납치됨ㅋㅋ 납치드라마야 뭐야,0
1152,58228,이송희일 : 관심받고싶어서 디워까댄거에요 죄송해요 ㅠㅠ,0
1153,42551,한번봐서그럴지모르는데전정말재미없고느낀점도없는영화입니다,0
1154,38271,다음편이 기대가 안됩니다.,0
1155,40911,쓰레기열자이상작성.,0
1156,34803,시작에서 끝까지 한데 썩이지 못했다.,0
1157,47431,초딩이 보는영화 이연걸이 아깝다,0
1158,34611,재미없음,0
1159,30842,왜이렇게 높아 4점도 아까운데 네티즌을 위해 깍는다,0
1160,55070,이거 재미없어요 ..;;,0
1161,59331,저 훌륭한 배우들로 쓰레기를 만드는 재주.,0
1162,42266,김치워리워보다 나으면 됬지 뭐...,0
1163,50798,이건 좀 아님;;;,0
1164,52746,쓰레기OO 이것도 영화라고 ...내돈나놔! 액션 그따구로 할꺼면 액션없는 에로영화나 만들어라 진짜돈아깝다 뮤직비디오 만들면 잘하겠는데...직업전향 좀 해야할듯...ㅉㅉ,0
1165,51034,인터넷 소설의 영화화의 한계 전반부에 유치한 코메디를 쓰다 후반부에 진지함이라니,0
1166,34160,육상효 할말이없다 할말이..구국강철대오감독 누굴까했는데 역시 당신이였군 내가스마트폰으로 찍어도 거짓말안하고 육상효보다는잘만들겠네,0
1167,43362,이딴 영화가 평점이8점을 넘을려고 하다니 ㅉㅉ,0
1168,47699,...,0
1169,30936,이거 나올때 친구랑pmp로 같이봤는데 30분정도보고 삭제..,0
1170,56872,시간낭비..스릴..뭔스릴이야이게 ..ㅋㅋㅋ완전쓔1레기,0
1171,36765,김치드라마의 클라스 자체가 좆망수준,0
1172,45778,개성 넘치나 메시지가 모호하고 때론 위험하며 정상인의 관점에서는 상식밖의 영화,0
1173,32109,별로,0
1174,57213,1점짜리 영화를 아담샌들러가 2점으로 만들어줬다,0
1175,59763,이종수만 신난 영화,0
1176,47891,'짐승의 끝'이 아니라 이 영화를 만든 감독이 '감독질의 끝'이란 제목이 더 어울릴 듯..이런 영화를 자신있게 쓰레기라 말할 수 있다. 감독 대가리에 뭐가 들었을까?보는 내내 멘탈이 나가서 미쳐버리는 줄 알았다. 감독 자기자신은 이것도 예술,0
1177,50859,"이프로그램 완전 팬입니다. 한번도 빼지않고 본방사수했습니다. 소시가 마스터로 나오는것도 나름 괜찮았습니다.그런데 효연, 오늘 생방에, 것도 마스터미션인데 세상에 껌을 씹고 있다니요. 참가자들의 떨림과 시청자를 생각한다면 그건 아니라고 봅니다.",0
1178,38020,터미네이터 존코너의 어릴적 그 미소년이 라비로 역변한 사실이 더 충격적이다,0
1179,31745,보는내내 빡쳤던영화ㅏ,0
1180,35429,"형편없음,돈 아까움",0
1181,33543,성괴들이라 몰입이 안된다 으윽,0
1182,33711,재미없음ㅋㅋ 어린애들이보면 좋아하겠다,0
1183,36197,징글징글하다. . .한국사회에서 갖은 혜택은 다 받고 사는 다문화가정이 피해자 코스프레하고 온갖 불이익당하고 불쌍하게 사는것처럼 묘사해놓고 동정심 강제로 요구하는 나쁜영화다.,0
1184,52876,당시에도 식상했던 엔딩,0
1185,32216,너무질질끌고결국막장드라마로가는게질리게만드네요,0
1186,51141,다중인격 다소 식상하지만 여전히 매력적인 소재의 영화. 비슷한 소재의 영화들에 비해 다소 임팩트가 약함.,0
1187,44084,약간 쇼킹한 종교영화...,0
1188,31679,생동감을 다잃어버린 짜집기,0
1189,58905,말로 웃기는게 대부분 같은데 프랑스영화라서 -_- 자막으로 나와서 별루 였음,0
1190,45817,고소영의 짜증과 이성재의 인고,0
1191,42942,너무나무 재미가업세요,0
1192,32377,평점만 먼저 봤는데 영화는 도저히 못보겠다,0
1193,43525,뭘 얼마나 알아야 이 영화에서 심오함을 느끼고 감동을 받을까요.. 같이 보자고 데려간 친구에게 죽도록 사죄했던 영화,0
1194,50391,"진짜 정신없게 재미없던데.. 꿈보다 해몽이여,,",0
1195,49517,ㅋㅋㅋㅋㅋㅋㅋㅋ이게왜 8.69점이나 될까??,0
1196,44367,2005년도에 상영된 폭풍우 치는 밤에의 감동에 못 미친다는 게 한계.차라리 2005년작을 재상영하는 게 기존팬들한테는 더 좋았을듯.,0
1197,30750,내가 최근에 한 미친짓은 이영화를 본것이다..,0
1198,47066,이게 뭐야 닭살스럽고 유치함,0
1199,45677,뜬구름 잡는.. 지겨웠다.,0
1200,45647,한국 정서랑은 안 맞네요;;,0
1201,35909,ㅜㅜ 평점 1점 줄끄닷 그러왜 날 울려 ㅠㅠ 샹,0
1202,34325,문제는 한효주...그냥 유명해서 좀 끼워준 듯 하네요. 배우로서 역할의 이해와 공부가 전혀 없어요. 그냥 시간 돼서 촬영 나온 느낌.,0
1203,31453,노잼노잼.ㅠㅠ으ㅠㅠ,0
1204,45295,별 반갑지 않은 감독의 시끌벌쩍,0
1205,55758,옛날에 나왔으니까 망정이지 지금 나왔으면...어휴...,0
1206,52091,4년만에 돌아온 지아이조~ 나름 볼만한 거리가 1보다 낫다..이병헌도 헐리웃 몇개찍다보니 이제 얼굴에 긴장도좀 풀렸네..,0
1207,50183,반을 봤는데...나머지 반을 봐야하나..하고 고민되는 영화,0
1208,43935,꺼저 영화는 나다,0
1209,59199,옳소 제목만 요리요~!,0
1210,57912,기대를 갖고 봤건만.. 역시나 우물귀신..,0
1211,41185,1점도 아까운 작품 시간이 아까운...,0
1212,59983,"자주오는것은 아니지만,때로는 신파가 사랑스러울때도 있다.바로 이런 마술같은 순간.",0
1213,31146,누구한테 하소연하겠소 내가 내 발로 들어간것을..,0
1214,32397,똥을 다 쌌는데 아직 대장에 남아있는 느낌의 영화.,0
1215,40025,진지한 다큐보도적 자세는 좋다만 긴장감없음. 아임 유어 프렌드. 픕-,0
1216,34139,무서운것도 아니고 야한것도 아니고 잔인한것도 아니고 재미도 없고 감동도 없고,0
1217,34127,귀여운 것 빼곤 더 볼 게 없어졌다,0
1218,37778,깊이있는 스토리는 없는듯 하다. 스토리에 상관없이 그분들은 세상의 빛과 소금이 되기위해 인생을 모두 맡긴 분들이다.,0
1219,41820,"이전 영화들은 주인공 혼자의 대결로 진행했는데, 4편은 뜬금없이 미국과 소련의 대결로 진행한다. 권투가 ‘인간 승리’ 대신 정치적으로 사용되는 것 같아 씁쓸해 보인다.",0
1220,50552,맞추자 ㅍ?차븟ㅇㄱ디시,0
1221,50395,"인투더스톰 나온다는 정보듣고 부랴부랴 만들기 시작한거같다. 아니, 어쩌면 상대적 우월성을 가지려는 인투더스톰의 수작일지도.",0
1222,56513,"영상은 그림과 같이 아름다우나, 스토리는 지루한 작품",0
1223,30167,"미스터리처럼 중간부분까지 흥미진진하더니, - - 다신 앙뱌. 폐륜 스토리...",0
1224,33349,아니다 이건..,0
1225,58215,조폭자본이 만든 조폭예찬 영화가 아닐까...도대체 왜 만듬?,0
1226,57851,친일미화 영화를 누구보고 보라는거냐? 거기다 요번에는 독재대통령 개승만도 만들려고?,0
1227,56481,0점이 안되네요...,0
1228,56965,걍 살짝살짝 넘겨봤는데도 재미없음이 느껴짐...아 열받아,0
1229,40728,공포영화가 뭔가스케일크게 만들려다 본연의 해야할일을 다하지 못했다는 생각이드네,0
1230,36914,멜로로 장르 변환한 거미인간,0
1231,45515,ㅗ,0
1232,52223,저수지의개들 흉내(?)...마지막반전은 관객을무시한(?) 감독만의반전!홍석천은왜나와?,0
1233,59767,별점이 아깝다 여자가 영화 긴장감도 없게 만들고 걍 노답이다 왜 봄 OO,0
1234,36250,전달하려는건 많았다고하나 너무 상징성이 많다. 보면서 그냥 무슨뜻이지? 생각하는데 정신이팔렸다.. 또 너무 평범하다.. 긴장감이나 반전이없다.. 좋아하는스타일의 영화는아니다..,0
1235,54020,지겹다~,0
1236,40155,포스터가 반전을 말해주세여^오^,0
1237,34289,존나 이게 영화라면 난 완전....,0
1238,55471,소설이었으면 읽을만할뻔했는데ㅋㅋㅋ영화에서 내면의 목소리가 이렇게나 느끼한 느낌일줄은 생각못해봤네,0
1239,55751,"감동의 정전상태,, 장국영은 무슨 영화에 나와도 혼자만 빛나는구나.",0
1240,54451,왕리홍 홍보용 영화같아요 유역비도 별로 비중이 느껴지지 않고.. 왕리홍 혼자 난리치다 끝난 느낌..? 끝까지 보기 힘들었어요;;;,0
1241,45965,영화적 평가는 없고 그저 빠순이들 빠심만 가득한 한줄평이네,0
1242,49079,칼날이빨보리스나오네요,0
1243,42835,알바들 졸 많은거 같은데... 제목과 광고한거랑 완전 다름. 야한 영화인척 청불로 나오더니 뭐 그냥 멜로수준에다가 제목은 워킹걸이면서 결국 일보다 가정이 더 소중하다는 결론-_- 집에서 밥이나해~,0
1244,46029,"3류,진부한 드라마",0
1245,43252,동명의 영화와 장르까지 비슷한데 내용물은 천지차이,0
1246,45566,나에겐 너무 별로인 영화.,0
1247,49978,"기억재생,편집! 잼나는테마! 아닌결말! 영화나 제대로 편집하지",0
1248,41827,존1나 ㅂ맛ㅋㅋ와 소름돋음,0
1249,58501,굿바이레닌 베끼기,0
1250,37837,증거랍시고 들이대서 재수사 시켜놓고 그 증거를 들고 가는 전개에 작가의 센스가 돋보인다. 가짜 살 때부터 설마하고 진짜 바꿔치기한다는 말도 안되는 스토리면 안보기로 내기했는데 대박ㄲㄲ최재원은 대체 누구 덕에 저 드라마 나오는거임? 진짜 어색하던데,0
1251,35147,bomb,0
1252,33123,영화 아직 보진않았지만 후하게 드립니다.^^,0
1253,52481,카톡으로 지인좀 풀었나보다. 평점 조절이 시급하다,0
1254,57873,별로여 별로별로별로ㅋ,0
1255,33694,스토리라인이 몹시 빈약했다. 안본만 못했던 영화,0
1256,45843,보고나서 한달은 이유없이 메슥꺼림에 괴로웠음. 다시는 보고싶지 않음. 대체 뭐가 천재의 기준인건지?,0
1257,50158,영화 보고 후기 남깁니다.정말 택도 없는 영화이면서 이것도 영환가 싶습니다. 스토리도 너무 뻔한 그런 스토리고 제일 맘에 안든건 cg처리를 너무 발로 했음 영화 시작하면서 부터 인상만 쓰게 되네요 제가 본 최악의 영화중 NO.1영화 입니다.,0
1258,57460,ㅋㅋㅋㅋ 보고 나니 웃음만 나옵니다~,0
1259,35344,나 이거 당시에 영화관 가서 봤는데 맨앞줄에 앉아서 목이 너무 아팠다엔딩크래딧 올라감과 동시에 뒤에서 팝콘 음료수통이 스크린으로 날아가는데 처음보는 광경이 너무너무 재밌었다 영화말고1점도 아까운데 별점 안주면 댓글 못달아서 1점줌,0
1260,35528,진부하고 유치했던 영화.. 대사 마저 삼류 사기꾼 대사처럼 진부했던.,0
1261,33759,ㅋㅋㅋ최고다~이성재 정말졋같이생겼다는걸깨달았다,0
1262,34379,힘내세요,0
1263,48714,내 시간을 돌려줘 내 시간을 돌려줘,0
1264,47752,케이블에서 하길래 봤는데 노답,0
1265,36458,극좌빨영화살인자 쉴드 노답이다,0
1266,37593,소설의 반의반에도 미치지못함 인물간에대한설명.묘사도없이 짜집기식 최악,0
1267,59552,좋은소재 가지고 이렇게밖에 못살리나,0
1268,47435,임오군란->동학혁명->청일전쟁->일제 합방의 일등공신 민비를 비너스로 만들었군.,0
1269,35758,이런 미친 네이버;;; 줄거리에다가 영화 내용을 끝까지 다 적어놨어;;;;,0
1270,41923,내기억속의 한가인을 이명박이 연기하는듯. 아네트베닝 왜이러니,0
1271,47694,紐⑦넗濡쒕씪異⑹쟾濡,0
1272,56898,"덴젤 워싱턴 믿고 봤는데, 참...",0
1273,40808,너무 진부해서 눈물나는 영화. 이런건 tv드라마로 충분하잖아요.,0
1274,33228,이건 진짜 하다하다 감독도포기했나보다 막판에 존나웃김ㅋㅋㅋ 악마가 gta,0
1275,31474,와 ㅅㅂ 이게 영화냐 너무한거 아니냐,0
1276,39634,내용이 너무 난잡하네요. 그리고 상황설정도 너무 엉터리임,0
1277,52784,ㅇ얼굴로 놀래키는 영화,0
1278,58753,쓰레기영화 쓰레기영화 쓰레기영화,0
1279,56648,2.5 만들자!,0
1280,51204,연출 시나리오 연기등등 소재를 제외한 어느것 하나 멍청하지않은 것이 없는 영화감독은 이런영화를 만들어냈다는 자괴감이 들 법하지만더 무서운 사실은 북미에서의 흥행에 힘입어 2편까지만들어졌다는 것..근 몇년간 최악!! 에단호크가 아깝다,0
1281,50318,이게 뭐니 이게!!,0
1282,50829,"차라리 소설로 만났다면 꽤 흥미로웠을 소재가, 영화로 나오면서 관객들로 하여금 지루하고 지루한 단1분도 안되는 흥미로 관객들로 하여금 외면받는 영화다. 상상을 초월할 정도로 지루하다",0
1283,44357,아무도 관심 없네~,0
1284,34068,그냥 지루함 ;,0
1285,36511,별거 아닌 이야기를 별것 처럼 보이려고 애쓰는데 재미는 없네요..,0
1286,38735,"예술과 철학에 빗대 놀아나는 홍상수식 따라잡기,",0
1287,35569,심하다. 월스트리트 후속작이란 게 부끄러울 뿐 아니라 영화 자체로도 촤하를 달린다.,0
1288,36694,소꼽장난,0
1289,52855,"반반인것을 떠나서, 이건 좀 아니다는 게 눈에 보인다.",0
1290,32784,님 목 안꺾음?,0
1291,44157,이런 미친 병맛같은 영화를 봤나...ㅋㅋㅋ8천원짜리암세포란 말이 무슨뜻인지 알겠다ㅋㅋㅋ알바 존나많네 이게왜 7점이야 ㅋㅋ,0
1292,58602,휴대폰으로 봐서.. 그런가... 밧데리가 아깝습니다...,0
1293,33115,"억지가 심한 개연성, 진부한 신파극. 넌 나에게 돌을 줬어...",0
1294,48109,와 진짜 내가 왠만해서 진짜 씹노잼이다와 이거 10점주는인간들 머지 도대체 영화를 볼줄아는건가 ㅋㅋ,0
1295,48030,"사무실에서멱살잡고고함지르고 당췌말이되는소릴해야지, 그리고 아이돌친구 연기가 항상똑같다 변호사에서 연기랑 뭐가틀리노 항상같은표정",0
1296,30057,"딱한마디 정의, 허접스러운 영화,절대 비추",0
1297,51655,"""""""최고다, 정말 아무렇지도(?) 않은 영화였다..--;""""""",0
1298,53439,그냥 잠깐 소리로 관객들을 놀래켜준 영화..;;;;,0
1299,33538,합채를탈락시키고정세운합격시켜나,0
1300,47897,슬프다. 애닮프다. 눈물난다.,0
1301,30964,노 잼 노 의리 노 CG,0
1302,46275,노잼 영화. 바람빠진 타이어같은 영화,0
1303,43578,예술을 알면 보시요!! 난 예술을 몰라서 보는내내 힘들었소!!,0
1304,34535,빵점 이 없어서 반 주고 감.. 어정쩡한 결말에 내가 지금까지 뭘 본거야 할정도..,0
1305,55127,최고의 사랑+라디오스타,0
1306,34518,홍. 지치지도 않고 계속 나오다. 안타까워 하다.,0
1307,40962,욕처먹고 싶어 만든영화,0
1308,38261,깜짝깜짝 놀라기만 했던....,0
1309,58519,주연 배우 둘 연기 말고 진짜 막장의 막장의 연속이다,0
1310,52416,일빠 오타쿠들이 좋아할만한 영화,0
1311,42739,정말 이러케 재미없는 영화는 처음본다ㄷㄷㄷ,0
1312,42024,여배우를 살찌게 하는것보다 시나리오에 살을 더 붙이는게 급선무 아니었을까,0
1313,35291,한번쯤 볼만한 독특한 프랑스 애미메이션,0
1314,30890,결말이 아이리스1과 똑같다.ㅡㅡ,0
1315,48884,평점 조작에 났였넼ㄷㅋㄷ,0
1316,32019,아까운 내시간. 정말 재미없다.,0
1317,47511,평범한 여고딩의 평범한 일상이라는 평은 뭐냐 느 딸이 그래도 평범해보이냐 밑에 평점 높게 준 사람들 정신상태가 의심간다 결말이 해피엔딩이라고 기분 좋아서 쓴건가 아 보는 내내 주름생길까 걱정될 정도로 썩은 표정으로 봤다 아 불쾌해,0
1318,57795,[4점] 이런 짐승같으니라고,0
1319,47853,그 당시로 치면 굉장했겠지만 지금은 역시 24년전에 만들어져서 지루하고 유치함,0
1320,54117,영 아니다,0
1321,58906,김기덕답다,0
1322,32591,멜리사 멘체스터의 노래만 좋을 뿐 결국은 불륜영화일뿐...,0
1323,34258,어지간한 인내끝에 남는건 배우 이름과 두 중년의 경로당 같은 얘기,0
1324,42885,제발 이 사기프로그램 없애면 안되겠냐? 진짜 인터넷에서 기사 보는것만으로도 기분잡친다,0
1325,32207,주연이나 조연이나...,0
1326,40967,아쉽다,0
1327,42002,김사랑 이쁘다 - 끝..,0
1328,39136,정말 재미있네요 어떻게 이런 영화가 나올 수 있는지 모르겠요!@,0
1329,51032,"""기존 언디스퓨티드 와는 전혀 다른 내용입니다. 서부 액션게임 :Call of Juarez Gunslinger"""" 조금 빼긴듯 합니다. 액션은 거의 없고 총질만 해대네요... 기대에 전혀 못미치는 바람에 1점도 아깝네요""",0
1330,49200,조선 최고의 미녀란 타이틀을 쥐고 연기하기엔 모자르는 부분도 많고 연기 마저 어색해서 몰입이 안된다오저정도 사극톤은 나도 하겠구나!ㅋㅋ,0
1331,47350,처음으로 배우를 죽이고 싶어졌다.,0
1332,43867,"쓰렉이네요,,",0
1333,42780,말이 필요 없다..!!,0
1334,54601,"애초에 재미를 위해 만든 영화가 아니니까 이해는 한다. 배우들의 연기도 괜찮았다. 발음이 부정확한 것인지 녹음이 이상한 것인지 잘 알아들을 수는 없었지만, 하지만 몇몇 등장인물은 왜 나오는 것인지도 이해가 가지 않는다. 소소한 부분의 디테일도 떨어짐.",0
1335,38811,미국 군인정신의 타락. 소녀가 기관단총을 쏜다고?,0
1336,47951,06년도에 보기엔 10세미만만 볼수있는작품..어른은 비추,0
1337,47194,5년 전인가 봤었는데... 다시 보니 두번은 못보겠다.,0
1338,36761,이거공포물도아니구좀비영화도아니구...처음2분잼있을까하다가어설픈cg에 신부총나오는거보고 이런생각을하세됬다...아 또 낚였네 ㅠㅠ,0
1339,58931,영화 감독이 말하길 최지연은 국민 첫사랑이라 노출은 불가하다고 한다. 그럼 반대로 이 영화에서 노출했던 배우 같이 엑스트라급 조연 배우들은 모두 벗어도 된다는 말인가? 그리고 영화 흐름과 맞지않게 대체 왜 섹스신은 넣었을까?,0
1340,42964,이 영화와 관련한 최대 반전은... 내가 이 영화를 이미 헤어진 전 남친과 디비디방에서 봤다는 것을 절반이 지난 후에 깨달았다는 거! =:,0
1341,37019,평점 없어서 혹시나 하고 볼 애들에게 남기는 말. 보지마. B급영화다.,0
1342,43683,여고괴담? 여고시절!,0
1343,49217,별로네요 ㅡㅡ 재미없네,0
1344,30586,ㅅㅍ 이걸 제목에 속아서 8000원이나 주고 봤다니 정말 미치고 팔짝 뛸일이넹 !!응아~~~내돈 팔천원,0
1345,33716,어설픈 메시지에 영상미 또한 없고...그냥 어줍잖은데요. ㅋ 이런게 진보면 저는 진보 안할랍니다.,0
1346,33309,스토리는 무난한데 코믹적인 요소에서 재미를 조금도 느끼지 못했다,0
1347,51468,노자나올때부터 알아봤다,0
1348,45094,에고 정말 엉성한 스토리.. 보다 졸다를 몇 번 했는지..,0
1349,48817,"영화 찍느라 고생 많으셨습니다..저도 보느라 고생 많으셨습니다..긴장감 제로, 몰입도 제로, 주상욱씨가 나오면 드라마 보는 느낌양동근씨가 나오면 또 드라마 보는 느낌참 안타까운 영화였습니다.",0
1350,45601,가비지~,0
1351,57044,중간중간 지루할때스킵 해서보면 아~ 이런 영화구나 하고 알게됨,0
1352,51068,It is the most,0
1353,36670,모지란사람이 헛소리짓거리는영화,0
1354,46430,할아버지의 발음과 말투 너무 거슬리네요 솔직히,0
1355,48461,철없는영화.,0
1356,41224,머여..결말.ㅋㅋㅋ.일주다처제ㅋ,0
1357,43290,무슨 연기를 국어책처럼 하고... 그나마 한고은이 제일 연기 봐줄만했고 게다가 결말도 이해불가... 차라리 그냥 그돈으로 맛있는거 사먹고 집에 들어가는게 개이득.... 청불이 아니라 15세 영화라 해도 아까울 정도!!!!,0
1358,58555,극장판이 나온건 좋았으나 정말 내용도 그림도 왜 다 이상하게 바꾼건지 이해가 안감... tv판 1편부터 본 팬으로서 진짜 이 극장판은 롤링스타즈를 더 망하게 만들었음.,0
1359,49594,잼있어요...,0
1360,42381,미생프리퀄은 뭐임?? 드라마 미생전에 만들어진건가? 장그래빼고 배역이 다 바뀐것같은데 바뀌길 잘한것같음ㅋㅋ,0
1361,46938,일본 전범기 존나 눈에 거슬리네. 짜증나게 일본 자본이 들어가면 이 따위로 영화가 변질 되어 버린다니까. 종북빨갱이랑 다를게 없는게 쪽국 앞잡이 새끼들이다.,0
1362,48106,여주인공때문에 4점 준다.,0
1363,44101,정말 중고생같은 영화. 생각없고 허세만 잡고,0
1364,31545,아무런 감흥도 남지않는 허술함의 연속,0
1365,51216,이게 모야,0
1366,57796,처음엔 괜찮았는데 뒤로갈수록 영화가 산으로 가요이런걸 왜 평점이 많은지 싶어요별로 권하고 싶지 않아요ㄷㄷ,0
1367,30272,"뭔가 있어보이려고 대단히 노력, 겉멋만 있다",0
1368,33235,그럭저럭 볼만한 킬링타임용,0
1369,41237,야하지도 재미도 없는 영화,0
1370,38067,결국은 총이란건가...,0
1371,52041,"관객을조롱하는영화,정말기분나빳다.",0
1372,52834,참 재미없네,0
1373,43643,스케일이 난대없이 너무 높다. 거기에비해 스토리가 부족하다.,0
1374,58605,재미도 없고 감동도 없음.. 지루함의 절정. 기억나는건 레베카 bitch냔이라는거랑 엠마왓슨 이쁘다는거,0
1375,39514,tv 전기세가 아깝다!!!,0
1376,36646,Still better love story than Twilight.,0
1377,35183,상어가 돌고래 서커스도 하고 사람으로 상어밥주고 개도 버리고 난리남ㅋㅋ 애써만든 삼류ㅋㅋ보고있으면 짜릿한게 아니라 짜증나네,0
1378,30385,엽문3라고 사기치지 말기를,0
1379,34951,더럽게 재미없다..,0
1380,48978,속편은 왜 만들었을까? 그것도 14년이나 이후에..,0
1381,55272,쓰레기,0
1382,36123,별로별로;;;;,0
1383,55345,게이는 레이스 달린 옷을 좋아한다?,0
1384,55724,좀 심한듯.. 배우들이 불쌍해..ㅜㅜ,0
1385,35119,이런 3류 영화에도 알바는 존재 하는지를 알려준 영화,0
1386,43558,....ㅋㅋ....,0
1387,49543,"밋밋한 스토리, 뻘짓으로 관객울리다 끝난영화",0
1388,59480,브루스 윌리스가 먼저 죽으니까 껐다,0
1389,32470,김윤진의 쓰레기 역할은 정말이지 후.....,0
1390,50645,왜 돌아이는 집짓는데 아무것도 할 수 없었을까?,0
1391,36600,방금보고더빙진짜쓰레기다..이랬는데 리뷰보니까다똑같은말하네ㅋㅋ어쨌든쓰레기영화,0
1392,56755,내눈이 너무높아졌나부다도둑질 너무어설퍼,0
1393,46183,"처음부터 끝까지 명령 불복종에,스토리가 꼬이고 꼬여서 마지막엔 싸구려 멜로물로 전락한 영화...",0
1394,42477,"하면 되지만, 안 한것 같은데?....",0
1395,32597,일본식코메디 개 짜증.... 액션은 최하... 한국인피가 더럽덴다.. 헐..,0
1396,57042,성대현 딸 그만 나왔으면 좋겠어요 저번에 스피드퀴즈할때 소리지르는거보고 너무놀랬어요 버릇도 너무없고 매번 울고 그럴때면 그냥바로 다른데 돌림 ㅠㅠ,0
1397,33594,개졸작 왜 찍은건지 보고 기분만 더럽네,0
1398,56251,아놔 올레티비 결제해서 보고 있는데 무표정으로 보고 있음 ㅋㅋㅋ 너무 기댈 한것도 있지만 이건 뭐...왜 평점부터 찾아보지 않았나 후회하고 있음 ..이게 인기영화라고????이런 못된 올레티비 같으니라고!!!!,0
1399,50621,자비에 돌란 영화는 본인이 게이답게 모든 연출작이 게이코드가 확실하게 들어가있음. 일반인이 봤을때 공감할만한 부분을 찾기힘들다,0
1400,35061,여태까지 공포영화중에 웃음이 나오는 영화 우물 귀신 웃기다.,0
1401,49188,지금보니까 손호준 짱짱맨..,0
1402,46607,"게이샤에 대해서 이 소설의 작가, 이 영화의감독이 대체 뭘안다고.. 우월주의진짜",0
1403,54569,불면증 있으신분 보심딱좋을듯 좀비영화인데 난 숙면했다~,0
1404,46989,진정한 쪽박영화..,0
1405,59292,이런 스토리로 영화를 만들다니 어이가 없다 어이가~,0
1406,54590,공포? 순간 순간.. 어이 없어서... 무서웠다..,0
1407,41543,야이 빨갱이들아 거기 꼼짝말고 있어 내가 지금 전차를 몰고가서 머리통을 다 날려버리갔어,0
1408,42010,별로 달갑지 않은 속빈강정같은 스토리는 꽝,0
1409,45049,헛 공드리작품이라니;; 전혀 공드리꺼같지 않다.. 지루하고 내용도 별로.,0
1410,58278,시대도 그림풍도 뒤섞였는데 그 매력을 살리지 못하는 멍청한 줄거리.,0
1411,56076,소재는특이한데 거기서끝 아무것도없다,0
1412,35048,"소명1보다 훨씬 작위적. 몇몇 scene은 설정임.. 세족식, 첫 골 세러모니 등",0
1413,55882,기대이하,0
1414,33663,추격신만이 돋보임,0
1415,39134,서로 다른 것에 집착하는 얄팍한 관계,0
1416,45882,그렇지만 나는 이스마한의 매력을 더 보고 싶었다,0
1417,52831,tmddn2820님과 동감 솔직히 이영화봐서 시간만 날림 ㅡㅡ; 그냥달가는거밖에없네,0
1418,31193,죽여버린다.,0
1419,44257,음.... 코드가...,0
1420,46200,엔딩보고 존나 어이없었음,0
1421,57389,흐엌 이게 모야,0
1422,58367,자연산 여배우 좀 씁시다. 부담스러워서 화면 집중이 안 됨.,0
1423,54908,캐릭터 작화나 배경 작화는 진짜 예쁜데... 영화 후반부로 갈 수록 뭐가 어떻게 돌아가는 건지 모르겠다-_-; 내가 머리가 나쁜 건가...,0
1424,37603,남녀노소 누구나 싫어할만한 영화.,0
1425,45435,존나재미없다 너무 느끼하다 지루하다 이드라마 6편까지보고 다신안본다ㅡㅡ,0
1426,54840,공포감이 완전히 실종됐다. 그저 제작비가 아까울뿐.,0
1427,31353,엉성함 속에 짠한 장면도 한둘 있다. 한글제목은 기절할 노릇.. 뉘 짓인지..,0
1428,37809,왜 이걸 비디오로 빌려 봤을까?,0
1429,53983,아..... 영화 참 난감.....하다~ ㅡㅡ,0
1430,31986,이건 킬링타임도 아니다.....,0
1431,52576,평점 믿고 봤는데 완전 정크무비였다... 간간히 나오는 어정쩡한 퓨전과 어색한 연기력은 보는 이를 무색하게 하고 개연성이 부족한 연출은 마지막까지 계속되어 영화의 재미를 반감시킨다,0
1432,48278,뭐라 말을 할수없다.ㅡㅡ,0
1433,42039,아 도대체 이런 영화를 만들깡은 어디서 나오는건지,0
1434,48777,이것도 영화라고 만들었니.제레미는 겁이 많아 포경수술 안한 대학 신입생같고비노쉬는 2차성징도 못한 몸매로 숙녀행새하며 담배나 피는 중딩 같다.정신이 미성숙한 자들에게 사랑은 늘 헛될뿐.,0
1435,49759,개연성이 아예없음 스토리진행이 지꼴리는대로임 과학적오류가 넘치다못해서 토할지경 엄청나게신선한 소재와 엄청나게나름다운 영상미를 스토리로 조져버린 대표적인영화,0
1436,36283,대본방송.. 실제커플로하는것도아니고 서로 엮여서 커플만들고.. 방식이 맘에 안든다..,0
1437,41394,이게뭐가재미있느냐ㅡㅡ,0
1438,38982,주연 2인이 몰입을 방해하다.,0
1439,46220,지금 다시보기엔 영...,0
1440,32791,처음에 홍종현 부모 수배중이라는 말 나오는 순간 모든 시나리오가 머릿속에 읽혀졌다.,0
1441,41574,아~~~ 졸려 죽는 줄 알았음...... 사실 별점도 주기심음,0
1442,50849,괴물로 변질된 역사,0
1443,59239,머 이딴 막장이 다 있어 ㅡㅡ 바람피고 간한번 이식해주면 다 용서되는겨? 우와 진짜 욕나온다... 작가 당신이라면 배우자 용서하겠소? 자기 입장이되서 써야지 머이딴식으로 결말을지어 차라리 혼자 멋잇게 아들 잘 돌보고 그런 멋진엄마만들지 아 욕나온다,0
1444,37114,우리나라 영화는 너무 획기적으로만 나가다 보니 다 X망이 되곤했었음..,0
1445,37753,나는 이런 정적인 영화와는 맞지 않는가 보다.,0
1446,46243,"조잡스런 장면과 억지스런 설정에 사라진 웃음, 쌓여가는 짜증",0
1447,30829,"개연성, 연기력, 연출 모두 밥 말아먹은 개망 쓰렉 영화",0
1448,54113,참.... 뒤 늦게 봤는데,0
1449,43913,말할 필요 없이 쓰레기 무섭지도 안고 재미도 없고 정말 시간 아까운영화 헐 짜증나,0
1450,32766,결말을떠나서 내용이없다 어지간하면 영화보고 욕안하는데 ㅅㅂ 이건집에서 천오백원주고 봤는데 돈아깝다ㅋㅋ,0
1451,33837,흠 재미없.. 시간 낭비 ㅠ,0
1452,52985,당시 아역에서 최고 스타였던 이재은 배울를 망처놓은 영화,0
1453,45261,"최고의 영화다..,,",0
1454,48929,재미없으니까 이거 볼 시간에 다른거 보셈,0
1455,42181,네이버에 검색할때마다 짜증나게 계속 떠서 엊절수 없이 입력한다. 아 열받아 본래 평점은 3.5,0
1456,38426,미국 정치 영화로 그들의 관점은 이해한다만 그다지 특별하지 않은 전개와 연출.,0
1457,36766,영화 장면이 너무 제한적이다.,0
1458,46690,베트남..배경만 그럴 듯~,0
1459,30785,내가 34년가까이 살면서 SF명작들 좋아하고 에이리언시리즈 광팬인데 솔직히 프메 이거 개졸작 맞다. 리들리스콧이니까 무조건 명작이라고 우기는 애들이 이상한거다. 원숭이도 나무에서 떨어질때가 있는 경우가 이거지. 편집된 영상 봐도 각본이 엉망이더만.,0
1460,52768,아무 주제를 찾을 수 없는 영화,0
1461,46821,재미가 있고 없고를 떠나서 뭐가 좀 보였으면 좋겠다. 시종일관 어두운 화면에 소리만 질러대는데 왜 소리지르는지는 알아야지ㅡㅡ,0
1462,51940,차가운 배우의 무뚝뚝함만이 멋짐이아닐텐데?,0
1463,40238,"어설픈 유머만 있고, 개연성은 없다.원작을 이렇게 망쳐놓다니, 분명 원작보다 뒤에 나왔으면나은점은 있어야 하는데, 참으로 안타깝다.",0
1464,50493,독립영화의 틀속으로 알아서 들어간 영화.,0
1465,48796,하하....음....?....이건뭐???,0
1466,55707,오인혜 가슴 좀 볼려고 했더니만 에로배우들만 나와 짜증난다,0
1467,44459,여주 징징대고 지생각만 하네 여주땜에 별로 ㅡ ㅡ,0
1468,58157,2015.02.21 영화가 니들 장난이여..? 엉엉,0
1469,32795,전래동화 한편이나 더 읽어줘라!!,0
1470,42665,솔직히 3점정도인데 평점이 넘 높다.,0
1471,52082,무셔무셔 빙글빙글 징글징글,0
1472,51900,삼류개그삼류영화 보면서 보는 내내 굳어있었습니다,0
1473,50985,진,0
1474,41694,최악도 이런 최악이 없다. 음악을 아무때나 막 쓰질 않나 억지를 쓰질 않나 쓸데없는 부분 안 도려내고 그냥 막 내보내질 않나. 우디알렌이 분명 한번도 다시 돌아보지 않았거나 이제 영화에 대한 애착이 없거나...최악 중의 최악,0
1475,44670,미야자키하야오 작품중 쓰레기 작품,0
1476,42992,1~2회 보다가 예전에 방영한 내 여자친구는 구미호 느낌에 오버랩이 된다고나 할까.. 보다가 재미도 없고 보다가 안보다가 했다가 차칸남자 방영할 때 바로 갈아 탔음.,0
1477,54807,물에 물 탄 듯한 단조로움,0
1478,36911,여자애가 추천해줘서 봤는데 노래랑 대학시절만 좋았고 딴건 다 별로 내가 이상한건가?,0
1479,55821,불쌍해서 1점 ㅋㅋ,0
1480,32787,다큐는 애들만 보는게 아니다. 유치함이 낳은 참극...,0
1481,45760,소지섭은 들러리 ㅡㅡ,0
1482,45810,북한이나 다를바없네,0
1483,33737,뭘 말하고 싶은거지??,0
1484,43481,광주는 5.18말고 할 얘기 없냐? 광주의 눈물 마른지 오래,0
1485,53544,헬드핸드기법의 대표적인 실패작,0
1486,49325,쓰레기같다,0
1487,54533,"무엇이 새삼스러운지?씁쓸하지만, 솔직히 흔한 현실",0
1488,33495,좌빨인증을 고퀄로 하시네,0
1489,56948,지난 윤도현편부터 긴장감도 없고 재미도 없는게...시즌 마무리해야될 듯,0
1490,47913,앞으로 미란다 줄라이꺼 안볼란다.,0
1491,58070,진짜 이걸 열자 이상 쓰라는것도 이상하네;;,0
1492,37739,팬티좀 작작보여주라 미야자키 팬티애자야,0
1493,47226,다만 부끄럽다.,0
1494,50702,"ktx 상행선에서 보다가 열받았음,,,,,차라리 하행선의 구세주2가 10배 재밌음....",0
1495,43668,최선정진짜 실없이웃을때마다 정신나간년같아..신들린애같아 막장도이런막장이없어 왜 정신나간애한테 쩔쩔매는거야?미친듯,0
1496,31528,쓰레기 b급 영화. 평점 7점이 적당하다고 봄.,0
1497,37021,하.하.하.,0
1498,41882,너무 노잼이었던 기억이...,0
1499,46324,아아 이 망침을 시즌투로 해결해라,0
1500,51841,조지에게라면 이런 따분한 영화를 만들 권리가 있지,0
1501,58173,뭐야 이 이미지도 뭣도 없는 건?,0
1502,41851,뭔 말을 하고자 하는지는 알겟는데 전혀 와 닿지도 않는 영화,0
1503,52840,아.. 난 내가 이렇게 무식한지 몰랐다 이거 무슨 내용인지... 모르겠네;,0
1504,32237,에로영화 영화보다 스톨가 더 엉성...,0
1505,54240,한개도 아깝다.반개 없나?,0
1506,48636,공포물이 아니고 가족물 영화 ㅡㅡ;,0
1507,50541,평점 4.44 맞춰 보자~,0
1508,47379,평점에 속은 내가 바보지.. 이 영화 완전 지루하다,0
1509,42682,"난 아직 그녀가 결혼하지 않고, 돌아오기를 바란다...",0
1510,37862,어렸을땐 재밌게 봤는데 나중에 어른이 되고 다시 보니 엄청 재미없고 쓰레기다!!! 최악!!!,0
1511,55525,아앙부터 캐스팅실수인듯 저런인상이 아닌데..,0
1512,53569,야하다/. 그것뿐.,0
1513,39552,지독한 촌스러움 지독한 신파,0
1514,53731,빵점입니다 안봐ㅋㅋㅋ,0
1515,36746,쓰레기,0
1516,59121,내손발 돌려줘...,0
1517,31683,"서사를 따라가는 맛이 거의 없다. 히스클리프, 캐더린 역을 맡은 배우들의 연기에 감정이입도 안되거니와 몰입도 많이 힘들었다. 아역이든, 성인역이든 히스클리프 역을 맡은 배우는 참 연기를 못한다는 생각이 들었으니 말 다한 거 아닌가?",0
1518,33757,진짜 개노잼 개개개개노잼,0
1519,41493,롭 여친 챙기다가 다 죽는거 보고 혈압이...,0
1520,52919,아..더럽게 재미없다. 내가 만들어도 이거보단 잘 만들듯.,0
1521,47660,사탄의 인형? 비교할걸 비교해라. 무슨 애들장난도 아니고..-_-,0
1522,58274,"송승헌 + 김희선, 연기는 누가하냐?",0
1523,32518,그냥 신인여배우 하나둘씩 내놓는 영화인듯,0
1524,44584,내용이 상투적이고 후반까지 가는데 지루함. 영화가 끝날 때까지도 감동은 오지 않았음. 드라마정도의 스토리,0
1525,32653,역시나 액션 없는 일대기는 지루함 그 자체로구나. 약간의 액션마저도 시시해빠졌으니,0
1526,52392,"20세기에 만들어졌어도 혹평을 받았을 3류스릴러. 시나리오, 연출, 편집, 구성, 캐릭터설정 뭐하나 맘에드는게 없다. 이런 영화를 왜수입하는지 정말 알수가없다,",0
1527,44740,2편까지가 진짜 나홀로집에지...,0
1528,59263,대사를 도통 좀처럼 하나도 이해하기 힘든 영화,0
1529,42354,bad,0
1530,58752,"개그콘서트 '시청률의 제왕'이란 코너 보면 시청률을 올리기 위해 뜬금없이 발연기 하는 아이돌을 투입하는 모습이 나오는데 이 영화 보면 그게 사실이란걸 알수있음. 그리고 이영화에서 가장 웃긴사람은 주연,조연 배우가 아니라 카메오로 나온 김흥국 형님",0
1531,40668,스탈링을 죽이고싶었다 다만그뿐이다,0
1532,35191,별로인 듯.,0
1533,51330,"Cg나 배경 소품 배우 연기력 등은 큰 문제가 없어보인다. 가장큰문제는 , 사건이 일어나면 해결까지 과정이 설명이 되야되는데 설명없이 해결 빰! 갑자기 사건 빰!러닝타임 내내 개연성 전혀 없고. 결말이 제일 최악인게.. 동화도 그런 결말은 안낸다.",0
1534,35655,이런것도 에로냐 토나온다 ㅋㅋ,0
1535,53146,정신병자 이야기. 참 못살렸다~,0
1536,44605,지루해서 중간에 보다 관뒀다.. 지겨워,0
1537,53214,스토리 그만즘 느리게해라 짱난다 짱나,0
1538,50760,"소리로몇개놀라게한다음. 침묵으로 일관하는, 결말허무한 발로만든영화-최악",0
1539,58378,이지아씨 연기가 아직도. 잘해주세요. 제발,0
1540,33270,"영화가 말하고자 하는건 딱 이거임 '완벽한 섹스파트너' 그 이상 그 이하도 아닌 섹슈얼 코미디인데, 스토리는 있는데 정작 섹슈얼 코미디 다운 야한 매력이 없음. 딱 프렌즈 위드 키즈랑 동급인 영화임. 섹슈얼 코미디에 섹슈얼이 빠졌으니 별 하나 드림.",0
1541,59093,복잡한 생각 필요없다 차라리 로꼬를 보고 말지..,0
1542,40610,여자친구랑 보는데 무슨화장실에같혀서 찾는거밖에안나와 돈 아까워,0
1543,54684,이야.. 어쩜 이렇게나 지루할수가..,0
1544,35008,감독님 걍 프리즌 브레이크 베꼈다고 하지....아니라고 항변하니까 더 초라해보여,0
1545,49430,유치함과 지루함의 완벽한 조화.,0
1546,37007,줄거리가 엉성하고....주인공 남자에게 빌붙는 인간 군상들이 뻔뻔스럽기까지 하다! ....딸내미로 나온 여자 아이는 역할뿐 아니라 생긴것도 왜 그리 밉상인지?....보기만 해도 주먹과 짜증을 유발하는 스타일이다!,0
1547,50701,최악의 스릴러,0
1548,51508,이거 보면 범죄임 깜빵갑니다,0
1549,53915,"너무나도 뻔하게 조장한 긴장감, 불필요한 잠입씬, 허무하게 당하는 영웅, 양산되는 아이언맨...이제 더 이상 아이언맨은 특별하지 않다. 특히 결말부분은....더 이상 긴박감 넘치는 전투씬을 볼 수 없을것이다. 스타크는 집에서 누워서 조종이나 할테니까",0
1550,36079,워메 이것도 영화인감 스토리 캐스팅 연출 전부 OOO,0
1551,33375,"아,",0
1552,44201,중간에 용가리 같은 장면들 때문에 좋은 메세지를 담고 있는 영화가 코미디가 되어 버린다,0
1553,35819,시저는 유전자를...거시기 해서..똑똑해졌다고..치고..10년만에..나머지 유인원들이 저렇게..똑똑해지다니..와..썅..내가 10년 공부한거보다..더 잘하네..ㅎㅎㅎ 좀 개연성을 가진 스토리를 만들길..,0
1554,46648,"한국 드라마의 고질적인 전염병, 바로 멜로 소재가 반드시 들어간다는 점. 보통 전쟁 드라마는 전쟁터의 잔혹함과 정신적으로 피페해진 병사들의 시점으로 이야기가 진행되는게 기본이것만 역시 밴드 오브 브라더스 같은 드라마는 못 따라가네. 1점도 과분하다.",0
1555,48164,권력은 허무하다는 걸을 가르쳐준 영화.... 개뿔...,0
1556,58691,20년전 영화라서 그런가..더럽게 지루함..존그리샴꺼 거의 다봤는데 이게 제일 별로임..별내용도없고 뚝뚝 끊기는 전개 짜증남...쏘우영감이랑 홀리헌터도 나왔네,0
1557,47596,"뛰어난 배우들, 괜찮은 소재도능력미달의 감독을 만나면 이따우 영화로도전락할 수 있음을 보여주는 영화",0
1558,46560,"액션도 뭐 말이 되는 영화속에서 액션을 해야지. B급만 되도 봐주겠는데, D급무비다.",0
1559,35116,"전편에 기대서 대충 울궈 먹는 것까진 좋은데, 너무 형편없잖아 이건!!",0
1560,55816,"긴장감을느낀건지하갓다가문이안열릴때뿐,결국은조디악이천재적이고 대단한 범죄자. 조디악이 증거를 잘소멸하였지만 경찰들의 꼬이고꼬인수사방식덕에 아니면 영화자체가 꼬여서그런지내용만디따괜히시간만쭉늘린거같다.내가바란엔딩이아니라서가아니고허무햇다.물증은중요함헛소리 ㄴ",0
1561,42290,진짜 재미없다.. 보면 후회한다,0
1562,43739,요 정도가지고 미국영화를 물리친다는 것은 한여름밤의 꿈이다.분발하라.,0
1563,43385,학원에서 단체로 봤던게 기억난다..다들 재밌어했지..ㅎㅎ,0
1564,43690,핵 노잼.... 왜 그 빨간목도리 하고다니는지 뭔가 나올줄 알았는데 ㅡ ㅡ,0
1565,45568,소소한 일상의 영화를 좋아하지만... 이건 아니다..,0
1566,45820,재미가 없는데 열 자 이상이라 쓰라니,0
1567,41423,가운데 이가 빠져서 2점....,0
1568,36113,왃 더 훸 왃 더 훸 왃 더 훸 왃 더 훸,0
1569,38513,지루한건 참겠는데 감동도 없고 재미도없고 뭘 의미하는지 모르겠다,0
1570,31982,너무재밋다^_^,0
1571,55765,발로 쓴 각본. 엉성한 연출. 이상한 인물들. 끝까지 보기 힘들다.,0
1572,50548,장면을 따온 어떤 영화의 반도 못미치는 영화,0
1573,48967,아무리 손예진이라도 딱1년만 델고 살아봐라 질리게 돼있다....남자란 동물들은 여자가 몸을 허락한순간부터는 사랑이란 감정이 오래가지 못하는법이지....,0
1574,56473,어설픈 미스터 빈 끌어오기,0
1575,34525,결말이 놀라울 정도로 시시했고 스토리에 기반이 없는듯 탄탄하지 못하다. 중간중간 약간의 억측스러운면도 있었으며 후반 절정에서 어디서 많이 본듯한 흐름이었다,0
1576,56425,ㅈㄴ 재미없다 휴잭맨 때문에 2점을 4점 준다,0
1577,44307,1점도 아깝다..이런 영화를 수입한다고...돈이 막 덤비는 모양이구나...,0
1578,35173,you spin me right round baby~,0
1579,33731,"연기, 연출 뭐하나 뛰어난것이 없다. 게다가 가장 중요한 미소녀가 없다!!!",0
1580,32733,"남자주인공의 거북한 외모와 대머리가 비주얼 빵점, 이건머 몰입이안됨 서기 지못미;",0
1581,35314,엉엉 날 가져요~~ㅋㅋㅋㅋㅋ,0
1582,40614,참신한 소재에 b급 각본 뭐 답이없다 2편은 그나마 낫다,0
1583,55967,출발은 좋았으나 개망. 뚱한 표정 한가지로 모든 연기를 하는 김동완. 지겹고 또 지겹다. 현실성 없는 러브라인. 그 러브라인 만드려고 희생된 최정윤.,0
1584,45691,이게 수입되서 개봉 됐다는게 더 충격인데?이걸 상영한 극장이 있다는게 사실이라면... 수입한 직원하고 개봉 시킨 직원들 다 짤렸겠지?,0
1585,53650,처음부터 끝까지 산만한영화,0
1586,37112,예수를 믿지 않는 자들이보면 이거 뭐여 하겠지..,0
1587,53138,공포영환지 멜로영환지,0
1588,58966,어디서 본것같은 허접한 스토리.....,0
1589,53335,긴장감 없는 영상과 카메라.. 억지스러운 반전..범인은 가스줄 끌고 다니랴 사람들 죽이랴 고생 쫌 했겠음..,0
1590,47381,진짜 살다살다 이런영화는 처음봄... 그 예술영화하는사람이 상업영화만든다고 만든거라구했나;; 상업영화를 이따구로만드노.. 갑자기 왜둑여... 참 진짜 개연성없구 재미 0%아에 못느낌,0
1591,44848,슬로우 모션일때마다 취권느낌,0
1592,56499,그럴듯한 스토리 인줄 알았는데 멍청하기 짝이없는 어거지다. 자꾸 왜 저렇게 행동할까 하는 의문만 가지게 한다.,0
1593,39237,네이버 댓글만 보면 김치의 종특을 알 수 있다,0
1594,32088,"진짜 지루하다.. 볼려는 사람은 말리고 싶다..ㅡ.,ㅡ;;",0
1595,40300,초지일관,0
1596,33618,감독이 주인공이네.. ㅋ,0
1597,50518,1점 ㅡㅡ,0
1598,45135,젝키 빠들을 위해 받쳤던 상업적 영화.,0
1599,52725,뭔가 허하다 진짜 별볼일 없다,0
1600,50346,저기 10점 준 인간 신고해버리고싶다.,0
1601,48986,1965년개봉에서 1점드립니다,0
1602,41314,표절?표절?표절?표절,0
1603,34882,"슈스케 조작임 제가 1기부터게속봣는데 결승전때 무조건 1번이아닌 2번이 우승함 서인국,허각,울랄라,로이킴,박재정등 결승전때 전부2번이엇음",0
1604,56660,늘어난건 잔인함 뿐이고스탈링이란 캐릭터는 이해가 안된다 왜 혼자 설치는 건가?,0
1605,45278,사랑이야기 전개가 참 불편하다.,0
1606,38661,풍기는 뉘앙스는 공포호러 같아요.,0
1607,44842,그저그래요,0
1608,58802,장난하냐 진짜...,0
1609,46423,드니로의 눈빛은 모든걸 다하지 못했다,0
1610,53188,한마디로 쓰레기 두마디로 쓰레기영화 세마디로 핵페기물쓰레기 영화,0
1611,31244,뭐지..,0
1612,39833,진짜 딸인거 밝혀질때부터 볼까봐요....,0
1613,56259,ㅋㅋㅋ20년 전이나 똑같네..,0
1614,46534,강태공을 능가하는.. 제목... 선입견을 가지게 만드는 제목...ㄷㄷㄷ,0
1615,49558,와 십점주는 알바 엄청썻네 평론가도 돈주고산듯?,0
1616,43884,만점인 영화는 없엉ㅋ,0
1617,32756,마에노토모야 싸우자는거냐?,0
1618,58298,mc 더 맥스와 신승훈 노래가 아까운 영화.,0
1619,37446,브래드와 줄리아 감상 두배우아니었으면 안봤을텐데..이런망한영화,0
1620,37494,이하가만든 수준이하의 영화,0
1621,46941,가끔가다 생각한다. 생각은 관객이 저마다 다르니 그들 나름의 생각을 상상할수 있도록 하고자 했다고.... 상상이나 할수 있을 최소한의 메시지라도 던져놨으면 한다.혼자만의 메시지가 모든 사람들에게 다 읽혀질거야란 생각은 좀 아니지 않나 싶다.,0
1622,30953,별로,0
1623,55539,그냥 그럭저럭 볼만했는데 공포물 맞나? 오싹하는장면은 없네;;;,0
1624,49581,왜 제목이 베일이냐?장난까냐??이딴 영화는 가레스 베일 주급으로도 만들어도 떡치고 남겠다 평점테러나 받아라 낚시한 댓가다ㅗㅗ,0
1625,54937,그 때는 어렸으니까 재미있게 봤지만 지금 보면...ㅋ,0
1626,45644,그냥 불교 선전 영화같다,0
1627,49271,벤 스틸러 코미디 졸라 재미없다. 코드는 무슨 개뿔 ㅋ,0
1628,45887,한번만 봐준다는 의미해서 1점준다,0
1629,46813,내가 마치 조선시대로 돌아간 느낌이야... 오 이느낌 뭐지,0
1630,57596,이거보느니 다큐 100편보겠다..2점부터 점수준것들 M창,0
1631,56348,김구라가 신동엽눈치보느라 말을 못하네요 어때요 김구라씨 썰전때랑 막상 입장이 바뀌니까 이도저도 못하겠죠 그래두 사람인맥이라도 남는 신동엽씨가 객관적으로 더 한레벨 위인건 확실한거같네요,0
1632,51933,불륜영화..,0
1633,41346,이건뭐 불타는 개가죽도 아니고,0
1634,33908,9월에 개봉한 영화가 클스마스 특집으로 보여주지.기록아닐까?,0
1635,43811,-10점 없냐 세상에 살다살다...,0
1636,58720,은은한 선율은 좋았지만 사랑얘기에 노심이 개입되어 과대평가된 부분이 있네요,0
1637,35266,아 진짜 잼없다 시트콤 거의다 잼없다 시트곰 없애자,0
1638,37208,러닝타임은 90분...도저히 버틸 엄두가 안난 영화....,0
1639,37870,내 생에 최악의 영화,0
1640,42803,어릴때 봤던 영화중에서 베스트 10 안에 들던 영화였어요.몇일전 TV에서 틀어주길래 기대하면서 봤는대 유치해서 못보겠더라고요 ㅋㅋ초등학생들 틀어주면 좋아할듯. 제 점수는요. 4점 드리겠습니다.,0
1641,46466,스토리가 무슨 1970년대 수준,0
1642,57590,어이없다 영화제목과 포스터는 더더욱 어이없다,0
1643,39493,웹툰망침+우리나라영화계가 2015년상반기에 개망하고있는 이유는이런스타와 배급력을앞세운 일련의 쓰레기영화들때문이다,0
1644,33928,이거보고 렙틸리언 어쩌구 하는것들 한대씩만 맞자,0
1645,57758,이안감독은이왜 이런 저질 영화를 감독 했지?,0
1646,35534,새로울 것 없는 각본을 탓해라.,0
1647,48424,한국형옹박이면 칠점은줄텐데 기합소리랑 엉성한태권도발차기만기억에남네요 금메달은아무나따나,0
1648,42194,주인공 엄마 연기로만 평점 줍니다... 영화관에서 졸리워보기는 처음.. --;;,0
1649,40634,"1초앞서가면1등,1초만뒤쳐져도꼴등인,승부사들이경기를포기하고힘을합쳐인명구조를?",0
1650,48368,그냥 살지 그랬어.. 이성재만 멋짐,0
1651,32598,빌리 헤링턴이 안나오는데 빌리란 이름을 붙일수 있는가?,0
1652,35699,유치찬란..막장스토리,0
1653,55420,친자확인순간 아 막장이구나 바로 채널돌림,0
1654,30888,평점조절위원회!!!,0
1655,57102,한국에서 개봉을 한이유가 무엇,0
1656,41896,ㅋㅋ진짜 평점에 낚여서봤다 영화끝나고 친구3명이서 눈마주보고 동시에 욕함. 이하생략,0
1657,46472,코폴라의 실수.,0
1658,39492,원작이 훨 낫다 혹시나 하고 만든듯,0
1659,44503,"어이상실의 미학이랄까... 영화관에 온 건지, CG기술 시연회에 온 건지... ㅡㅡ;;",0
1660,36215,도대체 뭐냐..이건 ㅋㅋ,0
1661,32761,읭????!????!??!????!????!??!????!????!??,0
1662,42858,"정말 재미없다 . 시간이 아깝고 귀 , 눈 개오글거린다 ...",0
1663,38018,OCN에서 하길래..그래도 끝까지 봤다.,0
1664,41561,무슨 빠들만모였나 진심시간아깝다,0
1665,56797,"낮은목소리의감독이,미(야베)미(유키)여사의의연출이라...이정도면,변절아닌가?",0
1666,46446,TV에서 하는거 봤는데 못봐주겠더라 ㅋㅋ,0
1667,51111,존 그리샴 얼굴에 먹칠을 한 쓰레기 영화,0
1668,35074,깡패영화는 이제 사라져야한다,0
1669,46817,뭐지,0
1670,32522,ㅠㅠ아만다때매봤는데..비중디게 적게나오고. ..음악없는맘마미아?너무후하게쳐줫나?미국식개그라서그런지..하나도안웃껴ㅜㅜ,0
1671,51337,초록매실CF를 100분동안 본 기분이다. 날 살려줘,0
1672,44926,레닌: 영화는 정치적 선전의 도구. 빵점이 없어서 1점 준다.,0
1673,34421,별로였다,0
1674,47762,영화의 기술이 부족하다...197`~80년대 한국영화의 엉성한 구성...,0
1675,44544,여배우 하나로는 부족한... 삼류배우였음을 제작자가 인정한...,0
1676,33560,설마 귀신이 접속했다는 게 트루?,0
1677,34949,국화의원의 소재는 좋으나 코메디가 너무 약했다,0
1678,32767,ㅂ,0
1679,31373,류가 주인공이 아니다 미국국적인 가일이 주인공이다. 캔은 왜 안돼지?!,0
1680,38788,전쟁영홙줄알았는데;...,0
1681,55760,감독 대단~~이렇게 화려한 출연진으로 이런영화를 만들다니....ㅉㅉ,0
1682,30175,재미있게봈어요,0
1683,44717,h,0
1684,34800,병맛코드로 생각하고 보면 괜찮다는 애들도 있네..병맛이라도 나긴 하냐 이 영화에서?,0
1685,49886,아빠가 낚여서 본적 있다나 슈래기 영화,0
1686,58512,"쓰래기중에서도 최악질 쓰래기. 보통의 쓰래기 영화들도 재미,감동,교훈,영상미 중에 하나는 좋은데 이건 모두다 0점임. 그냥 쓰래기 오브 쓰래기. 내 살다살다 이런 지독한 쓰래기는 처음봄. 역시 오래살고 봐야돼...",0
1687,55093,완전 쓰레기';;;,0
1688,58674,바로 밑에 평점 10점 제여자친구인데요. 초딩떄부터 유승준 빠순이라 영화도 안보고 평점을 10점이나 줬네요. 하하하 미친.!!!!이 댓글은 신경쓰지마시고 정말 재미없으니까 보지마세요. 한유진 정신 차려!!!! 니 나이가 내일이면 28살이다.,0
1689,44458,어떻게 대놓고 살인을 저질르는데 사람들이 모를수가있을까? 소리가 안들리나;,0
1690,51832,"재미는 짱 없는데, 실화였다니 떼돈벌었겠네~",0
1691,50674,"표현력부족,갑갑하고 따분했던..소재는 좋았으나 1학년생 작업정도",0
1692,51535,"이해하고 자시고를 떠나서 굉장히 루즈한 영화...영화는 그 내용이 우울하던, 음산하건, 밝건 어쨌든 재미가 있어야하는데 보는내내 지루함",0
1693,52688,헌신하는 아내 역할을 완벽히하면서 지적수준까지 갖춰 레벨을 좀더 업하려는 부잣집 사모님의 우아한 허영적 자아찾기. 인종차별 남녀차별에대한 근원적 불만은 없고 영어 실력으로 사람대접 정도 받음 ok. 프랑스 훈남의 구애까지 더해져 진한 대리만족을 선사.,0
1694,45150,감독 이름 기억하겠다..,0
1695,37160,도둑은 정의로우면 괜찮탄다 ㅋㅋㅋㅋㅋㅋ,0
1696,34025,어디선가 많이 보던 스타일의 구태의연한 영화 저질....,0
1697,58412,"아 오인혜 좋아하는데, 이런거 찍지좀마. 노출이없어서 찍었죠?",0
1698,39545,히로스에 료코를 보기 위해 영화를 보았다. 료코는 만점 영화는 2점,0
1699,30117,정말 별루던데........,0
1700,41243,OOO기,0
1701,59361,배우 본인들도 아쉬울 드라마,0
1702,53131,ㅋ끝만 봤는데 너무 재미없을것 같아서 평점 봤눈데 역시나 ㅋ,0
1703,37232,이건 별로,0
1704,41842,0점은 못주나? 어처구니 없다 보지말자능,0
1705,47646,더럽게 재미없다..1점준거중 한국영화는 10점주는 매미OO있네..OO매미가 조폭영화 10점주라디?,0
1706,57280,폭풍수면하기.좋은영화,0
1707,38535,킬링타임용으로 봤는데 것도 아님..,0
1708,55739,쓰레기가 맹글고 찌꺼기가 출연한 최악의 난지도 영화.. 안재환님의 명복을 빕니다.-,0
1709,35407,글로리아 입 보는 맛에..,0
1710,46244,식상한 조폭영화,0
1711,47136,개인차겠지만 정말 지루했다,0
1712,31609,장난하냐? 알바색히들아,0
1713,44563,스탈링 씨발 진짜....,0
1714,46120,ㄹㅇ ㅄ 영홬ㅋㅋㅋㅋㅋㅋㅋㅋ 꼴리건들 지들끼리 물고 빨곸ㅋㅋㅋㅋㅋㅋㅋㅋㅋㅋㅋ 8888577ㅋㅋㅋㅋㅋㅋㅋㅋㅋㅋㅋㅋㅋㅋㅋㅋㅋㅋㅋㅋㅋㅋㅋㅋㅋㅋㅋㅋㅋㅋㅋㅋㅋㅋㅋㅋㅋㅋㅋㅋㅋㅋㅋㅋㅋㅋㅋㅋㅋㅋㅋㅋㅋㅋㅋㅋㅋㅋㅋㅋㅋㅋㅋㅋㅋㅋㅋㅋㅋㅋㅋㅋㅋㅋㅋㅋㅋㅋㅋㅋㅋㅋㅋㅋㅋㅋㅋㅋㅋㅋ,0
1715,46023,1편보다 재미없음. 빌딩에서 공놀이하는 것 빼곤 볼거리가 없다.,0
1716,45928,재난영화에 5명만 출연하네,0
1717,44475,ddd탄이 진리다 탄이 진리다,0
1718,51753,쓰레기 캠퍼스 영화에 노인 1명 추가,0
1719,34376,기대했었는데.. 정말 유치합니다. 차라리 걸리버 여행기를 보세요.,0
1720,33047,개지루하다...너무 시리즈를 길게 늘어뜨려놨어. 쓸데없는 내용이 80%,0
1721,57069,몰입도제로. 스토리도엉성함. 애들도 싫어하고.,0
1722,52147,예고편보고 너무 기대를 했는지 그야말로 정말 실망입니다 좀 지루하고 몰입도 낮은 영화를 좋아라 하는데 이건 정말 너무 하군요 엉성한 연출 이상꼬름한 이야기 전개 휴.. 정말 최악의 영화군요,0
1723,57846,근육질의 몸매가 섹시한건 남자일경우인데...,0
1724,54492,평점 너무 높다,0
1725,51156,개 쓰레기 영화 놀랍다 진짜 이딴걸 다 만들고,0
1726,55467,나름 보는중인데.. 너무 질질끄는것같네요.. 스토리도 다뻔히 보이는데.. 결말이너무길어요..점점 지루하고요!!연기자들도 연기 다들 처음들하나..너무어색하네요,0
1727,30417,"영화가 원하는 방향으로 중반까지는 그럭저럭 괜찮지만, 해피엔딩만을 위한 결말은 정말 어이없다.",0
1728,39246,타인이 재밌으면 나도 재밌어야 하는가? 영화는 보는 사람마다 각자의 취향이 있는법 반지의제왕 만 못하다 특히 이번편은 더욱더.. 하지만 웅장한 스케일은 여전,0
1729,43046,액션 없다 연기 없다 내용 없다,0
1730,35636,감동주려고 만든 영화 같은데 웃기지도 않고 감동도없고.. 그냥 어린이용 히어로 물을 찍었으면 좀더 낫지 않았을까 하는 생각이,0
1731,57874,쓰레기..내용없고 유치하고 재미없어,0
1732,52603,밑도 끝도 없지만 05년이면 선전한건가 출연진이 화려해서 3점 + 윤소이 예뻐서 1점+,0
1733,39639,기억에 남는군. 오~ 놀라운...,0
1734,35713,그냥~ 지겹고~ 따분한 영화,0
1735,59782,어른이 보기에는 지겹다는 느낌이..그치만 초 1아이들은 단순해서 그런지 잘 봤어요,0
1736,32619,당시에도 촌티난다고 생각했는데 지금 보니 더 촌티,0
1737,37421,솔직히 나도 할말없고 제작사도 감독도 할말없음,0
1738,48896,한국영화 이미지를 위해 이딴 쓰레기영화는 이제 그만 나와야한다,0
1739,47393,뭐랄까.... 너무 헷갈린다..,0
1740,51977,30분 본게 내 최대한의 인내심,0
1741,44060,손발 오그라드는 지루한 스릴러물,0
1742,59836,진짜 돈이아까운영화입니다!!!!미치는줄알았네!!젬있기는개뿔이잼있어!!!,0
1743,38277,기분더러움...,0
1744,58852,멀 말하고자하는지 아직도 이해가....공포도 아니여서 실망;ㅁ;,0
1745,58177,영화 포스터 보소 ㅋㅋㅋㅋㅋㅋㅋㅋㅋㅋㅋㅋㅋㅋㅋㅋㅋㅋㅋㅋㅋㅋㅋㅋㅋㅋㅋㅋ,0
1746,34419,슬슬 질리네요 . 다른드라마와 같이 막장으로 가는듯 싶네요,0
1747,33661,나오코가 죽으니까 원래 귀신보다 훨씬 더 무서움. 나오코를 진작 죽일것이지 ㅋㅋ,0
1748,40946,이 10원짜리야!,0
1749,50085,"내 인생 최악의 영화. 박보영의 매력이 담긴, 팬심으론 좋지만 영화 그 자체를 평가한다면, 1점도 아깝다.",0
1750,56385,지루하디 지루한 쓰레기,0
1751,59882,바다빼고 볼게없네,0
1752,51085,내 아까운 시간을 버리게한 쓰레기 재미없다..2점부터 점수준것들 M창,0
1753,51756,대박,0
1754,40556,주인공으로 캐스팅 된 애들 연기력이 지옥밑바닥으로 가서 염라대왕 싸대기 갈기고 오는 수준이니 시청률이 이따구지...대단한 연기력이다 진짜 연기력이 좀 되는 애들을 갖다놓고 해라,0
1755,52583,에휴....,0
1756,51153,주인공 목소리 깔고 허세가 ㅋ 차라리 춘향(산도) 캐릭터가 주인공보다 매력적,0
1757,33934,37개의 리뷰를 다 읽어봐도 납득이 안된다,0
1758,47072,이게 2009년작... 지금은 2013년이니 엘르패닝이 어려보이지. 쨌든 애들영화라지만 이것만큼은 진짜 졸작이다,0
1759,48064,역시 애니메이션은 손그림이지,0
1760,47060,마지막 폰부스 따라햇니?,0
1761,57492,참 별 쓰레기 같은걸 다 만들었네 좌빨도현 ㅋ,0
1762,45248,스토리도 빈약..유치하기 짝이없는 내용. 진부한 억지설정.과도한 정치색(좌빨)시간아깝습니다 진짜..ㅋㅋ,0
1763,58345,이게 재미 있냐??? 전 별로인데,0
1764,57993,1점 주려다 불쌍해서 2점 줌 이딴 영화 만들지마라,0
1765,33247,넘하는거 아님~박용우팀이 확실히 잘했는데..넘 조작해 점수차 맞추는거 티남~~갑자기 확~~~찬물껴얻는.. ㅡㅡ^공정성 회복이 필요해보임,0
1766,36938,좀더 잘 묘사해줬으면,0
1767,46051,어휴.....,0
1768,47257,전작에 훨씬 못미치는 괴작. 아마도 새로운 스페이스 오페라의 탄생을 꿈꾼 듯 하지만... 리딕은 판타지 영화가 되어버렸나?,0
1769,30446,어휴... 그저 긴 한숨만 나오네요.,0
1770,45580,볼게 못된다,0
1771,30150,목을 베기전에는 죽지않는다,0
1772,50561,내생애 최악의 영화.,0
1773,38672,"만 10세 이상~만 14세 미만의 촉법(觸法)소년은 형사미성년자라 범죄를 저질러도 형사처벌을 받지 않는다. 형사미성년자 연령은일본·독일·오스트리아는 만 14세 미만, 이탈리아·스웨덴은 만 15세 미만이다.",0
1774,44623,실망이다... ...ㅋ,0
1775,33312,보는내내 지루 했다.,0
1776,36942,깡패를 미화하는 것을 넘어서어쩔수없이 싸우게하는 상황이 마치 히어로물 같다.니 내랑 부산 접수할래?가 아니라니 내랑 그냥 영화하나 찍을래?다영화는영화다를 보겠다,0
1777,55558,이런 영화 너무 많다,0
1778,46082,그냥 보지마세요 발레학교 폭파미션영화,0
1779,48481,첫데이트 덕분에 실패 나쁜영화,0
1780,48956,외모가 떨어지는 여배우들이 입으로 떠든다..,0
1781,41479,보다 나왔음 지루해 죽는줄 알았음,0
1782,42319,oh my god - _-,0
1783,31151,아이 싱거워라...ㅠㅠ,0
1784,54209,성룡 완전 다 늙어 빠져서 액션도 안 되고 웃기지도 않고 연기도 개 쓰레기 됏네.. 18,0
1785,51855,슬펐습니다. 안나와서...,0
1786,54801,촌스러운 다큐 기법으로 떡칠하고 현실과 동떨어진 자극적인 소재만 다루었다,0
1787,56911,정제 모호한 사우나 밀실게임...스릴없는 스릴러...,0
1788,46854,수면제가 필요없다. 알람기능하는 전화벨소리까지...,0
1789,34102,제점수는요 4점입니다,0
1790,52769,나도 이거 영상 있는데;; 돈 주고 보기엔 아깝지;; 어떻게 이런걸 영화라고..ㅋㅋ,0
1791,46905,영화가 시작됨과동시에끝날때까지짜증만안겨줬다.,0
1792,59942,2010년에도 19세기 신파는 눈물을 갈구해.,0
1793,30495,아주 재미있지도 없지도 않은 밍숭맹숭한 영화...,0
1794,52323,미국식 평화주의를 위한 폭력의 정당화에 대한 역겨움과 민폐의 끝인 모니카 벨루치 때문에 짜증 상승하는 영화,0
1795,43911,김선아 판단미스ㅋ 남주도 별로. 박건형멋있어서 보려했더니 완전지루..,0
1796,43105,생각보다 별로네요.영혼없는 영화,0
1797,55286,내 생애 최악의 영화... 배우들이 아까움.. 제작비용아까움... 뭐가 재밌다는 건지..,0
1798,46400,보지............마라,0
1799,57720,참나 어린아이눈으로 세상을 본다?? 네가 어린아이가 아닌데 어떻게?,0
1800,49835,재미도 없고 농담도 천박하고 유치하다..,0
1801,41805,총알을 칼로쳐낸다는 기발한 아이디어조차도 제대로 살리지 못하는 조잡한 연출.,0
1802,55029,전기톱 연쇄살인마 제대로 된 버전 보시면 이거 잼있다고 하실듯,0
1803,46128,눈썹 문신 망친것 같은 여배우의 연기에 도통 집중이 안된다! 허거덩 이다!,0
1804,36019,이게 재밌냐?? 와... 할말이없다,0
1805,50061,영화관에서 혼자봤는데/ 지나치게 심심한영화,0
1806,56493,이런 영화를 돈들여 만든게 싸이코지,0
1807,43128,봤는데 이건 쓰레기,0
1808,39741,한번 깡패는 절대 개과천선할수 없는것인가...안타깝다,0
1809,38192,역사에 기리 남을 CG에 어안이 벙벙...ㅠㅠ,0
1810,46316,깜둥이 새끼 잡고 자위하는 영화 현실성도 없고 보고 나서 불편만하다,0
1811,52883,에헤라 둥가둥가.. 놀아나 보자.. 의도가 궁금하다.,0
1812,49688,이 시대의 정서와 안 맞는건지.. 내 정서와 안 맞는건지.. 기대치가 높았던걸까 ? 기대와 달리 실망이 많은 영화였다.,0
1813,42153,배우들 외모는 10점만점~~,0
1814,52785,카페는 아기자기하고.. 계륜미는 이쁘고.. 영화는 지루했다..,0
1815,37228,"살면서평점이란거로그인해서 처음적어봐요. .화가납니다 . 영화라면다좋아하는데 1점도아까운영화 ㅡㅡ김고은양은연기가. . . 저건미친여자가아닌 , . . 연기못하는바보수준ㅠㅠㅠ",0
1816,46811,욕 졸라 쳐먹은 극장판 톰 쿠르즈 이름을 감히 함부로불러 사기 흥행을끈 짱구 극장판 사상 최악의 작품이 됨.(흔히 16기부터 만들어진 짱구 극장판을 암울기라고 함 20기 모름),0
1817,45050,F-15 가 MIG29 한테 지는거 그이후로 나그냥 잠,0
1818,57018,,0
1819,45752,"아, 이거 예전에 본거 맞구나. 만든이나 보는이나 모두 의미없는 시간.",0
1820,59963,이 작가는 두번다시 계약못하겠다 아 정말 마지막회 왕짜증이다 심장이 물건이가 또 남주게 가슴이 멍하다 꼭 초보 작가 같다,0
1821,41078,이렇다 할 흥미거리가 없군,0
1822,31271,곽지민이 똑살에 언제 나왔는지 궁금해요~,0
1823,58186,디즈니 치고는 코미디 요소가 적은점에선 신선. 그러나 결말이 너무 허무하고 급하게 전개되어서 대실망했다.,0
1824,52340,억지설정 끼워맞추기식 전개..범인은 승객들이 화장실 가는 시간까지 컨트롤 할 수 있는 신인가?,0
1825,45952,가장 싫어하는 부류의 한국영화. 극장에서 봤는데 기억나는 거라곤 하나도 없음.,0
1826,55455,아 진짜 살다살다살다 이런 영화는 처음이다. 주제는 축구선수 여친과 가족은 또라이다(?) 출생의비밀에 로맨스에... 이걸 10점을 줘??? 누가...?,0
1827,48730,1편만한 2편 없다지만 이건 너무 심했지 않나??,0
1828,33795,지금 현재 한국영화들과비교하면 졸작,0
1829,40825,정말 희안하게 가족을 탄생시키려는 억지스러움에 혀를 휘두릅니다.너무 비정상적인 사람들만 즐비하니..저걸 드라마라 해야하나싶기도하고..최악이네요.,0
1830,40937,허탈함 속에 남는건 뭐?,0
1831,34406,아이가 정말 곰이 됐다.,0
1832,33437,시간낭비,0
1833,54513,"평점주기도 아까운 영화..개인적으로,액션영화라지만. 나오는 액션은 손에 꼽힐정도고, 예고편에서 나오는 액션이 그게 전부다다..이제까지 영화보면서 이렇게 리뷰쓰는건 처음이다. 다른사람도 이영화를 보면알겠지만.. 보고난후에 나와 같은 마음일것이다.",0
1834,50723,이런거 극장걸기 안쪽팔리나? 안 창피한가? 어이없는 더빙에 찌찌 두번 나오고 모가지만 움켜쥐고 소리만질러대고 아오 내돈,0
1835,56935,말하고자하는게 뭔지 모르겠네.그리고 남자 자위장면은 컷했으면 좋겠다,0
1836,33478,재밌다..그 러나 조금은 가벼운..,0
1837,46873,소재는 신선한데 보는 내내 마음이 불편함... 그냥 가슴이 답답해짐..,0
1838,36643,1990년작 죽기 아니면 까무러치기를 그대로 도용한 개 씹 쌔 끼 영화다. 조센진 냄비새 끼들은 이래서 발전이 없는거야,0
1839,51538,아오 대박! 1점도 주기 아까운영화 진짜 대박ㅋㅋ 평점부터 확인할걸 아 시간아까워ㅠ 이런OOO영화를 만든 감독님의 용기가 존경스럽다,0
1840,52794,그냥 b급영화의 전형적인 모습을보여준다. 배우들 캐스팅은 좋았지만 왜 이게 7점대 영화인지 이해가되지않는다,0
1841,48130,연기도 별로고 감정이입도 안되게 편집해놨네요.. 제가 본 퀴어영화 중에 가장 별로입니다.,0
1842,32234,"연출된 인간극장, 픽션이길 포기한 픽션.",0
1843,43389,중간까지는 대단해 보였는데 결말이 너무 아쉽고 약했다. 기대하고 보기엔 무리가 있어보임.,0
1844,51434,형식주의의 함정에 빠진 노장의 도전.,0
1845,30506,뭔 가 허술하다.,0
1846,35043,추리의 맛이 없는 줄거리 나열식 전개,0
1847,50763,쓰래기.. 더이상할말이없다......,0
1848,42073,테러범들 누가 봐도 동양계 미국놈들이구만~ 북한군인 같은 소리 하고 있네!,0
1849,35516,기대와 다른데 웃기지만 포인트는 없는 영화,0
1850,53929,90년대 일본극장판 애니보는게 만배나음,0
1851,48011,"보면서 주인공 아이가 참 불쌍하다고 느꼈다. 왜 이런 기괴한 영화를 찍었는지, 이 영화를 찍으며 무슨 생각을 했을까",0
1852,56953,오유에서 왔습니다. 에헴에헴,0
1853,48459,감독 한동호?..영화계에서 다시 볼수없겠구만..80년대 연출역 쩐다..,0
1854,51740,필름 아까운 영화,0
1855,55161,피라냐와 다를 게 없는 진부함과 허접한 CG의 향연..,0
1856,59410,도둑질 가르치나...신구를망친영화다!하지만 빈부격차의현실을 잘알려준다!,0
1857,54755,일본은 세계 최고의 변태나라라는걸 보여줄려고 그랬음?,0
1858,52644,영화고 평론가고 뭐고 죄다 한심하네,0
1859,39496,딱 기독교수준,0
1860,45491,트라볼타가 미스케스팅 같았다.,0
1861,34418,몽상가 돈키호테를 망친 애니메이션.,0
1862,53846,쓰레기 영화의 절대강자 탄생.,0
1863,45282,아 진짜 재훈아 넌 시간이 자나도 연기가 왜케 어설프냐...ㅡㅡ,0
1864,52265,아놀드vs 제이슨....제이슨의 완.패.(코난)아놀드vs 콜린....콜린의 완패(토탈리콜),0
1865,46599,결과가 어이 상실~개인적으로 조귀인 잘못없다~차라리 중전이 죽지~왜 조귀인이 죽는지~,0
1866,56483,기대이하였음,0
1867,32126,물체가 움직이거나 어떤 일이 진행되는 빠르기,0
1868,38027,최고의 호로블록버스터,0
1869,37970,의사만 부럽다 ㅎㅎㅎㅎ,0
1870,35171,영화 꼬라지하고는,0
1871,42773,희망도 감동도 없는 쓰레기 영화. 보는내내 불쾌했다.,0
1872,48770,김고은은 배우로써 눈에 힘이 너무 없다...연기를 좀더 연습해야할듯....,0
1873,59376,갈수록 재미없어짐~ 이젠안보게됨,0
1874,32771,닥치고 보지마세요...,0
1875,56453,충격반전 하나로 목숨건데다~ 감독의 재량이 심히 의심됨.최악쓰레기,0
1876,50579,첨엔 괜찬았음 근데... 억지 오디션 스토리는 아니길 바랬는데 .. 손발이 오그라듦,0
1877,42887,효민부터 캐스팅부터 망작인거 알고있었다,0
1878,35888,우리나라는 액션영화가 깡패물 아니면 죄다 간첩관련 영화지. 수준하고는,0
1879,36138,영화잘바습니다 참으로 좋은영화라구 생각합니다,0
1880,43134,완전 유치뽕짝임! 70년대 영화임? 위에 평점 만점 올린사람 사시임? 아놔. 돈 졸~아끄버!!! 내가 발로만들어도 저정도는 하겠음!,0
1881,32768,"""무엇을말하는거지...나도스물넷,다섯을지나왔지만""""여자""""들의우정이라고일반화되는것마저불편하다.전혀연결이되지않은영화.고창석님이연기제일잘함""",0
1882,48302,이게뭐지 내두시간 ㅠㅠ,0
1883,55150,열라 짜증나 죽는 줄 알았습니다. 정말 엉성하고 허접하기 그지없네요 -.- 내 돈~~,0
1884,56614,알바들이 많은건지.. 수준 낮은 사람이 많은건지.. 리얼 3점.끝,0
1885,38696,"캐스팅 미스, 이야기 구성 미흡 졸작",0
1886,43170,시간은소중합니다,0
1887,53452,쓰레기 열자열자열자열자,0
1888,46917,뭘 말하고 싶은건가! 갓뎀쉣무비! 똥 밟고 싶다면 봐!,0
1889,39132,.... OO돈날엿음,0
1890,51401,미국식 하이 블랙유머를 이해 못하는..,0
1891,44130,난 아일랜드 봤는데.. ㅋㅋㅋ,0
1892,35741,이기적인 남자가 조그만 마을에서 반복된 일상을 경험하면서 착함을 얻는다는 내용인데 다시 도시로 돌아가면 경쟁이라는 치열함속에서 다시 이기적인 본성이 나올거 같음. 너무 영화구성이 작위적이고 단순하다. 작은 시골마을에서나 통할 이야기.,0
1893,43923,뭐야! 일본영화줄 알고 놀랐잖아. 실망이예요.,0
1894,44728,지루함 그리고 드류베리모어역 꼴사납다 이기적이고 앞뒤생각없이 누가 피해를 보건말건 고래만 살리면돼ㅡㅡ짜증남,0
1895,42318,뭐 이런게 다있냐ㅡㅡ진짜 보다보다 못참고 꺼버렸다ㅡㅡ도대체 뭔내용인지 뭘말하고싶은건지...,0
1896,46574,1점도 아깝다,0
1897,32259,인간이 문제지.. 소는 뭔죄인가..,0
1898,52843,이럴 거면 영화 상영하지마,0
1899,34096,극장에서 웃으며 나올 수가 없었다..스토리가 어쩌다 싸우다가 이겼다가 웃는다...,0
1900,40345,요즘 드라마도 이런 소재 안쓴다. -&gt그러니까 케이블에서 나왔지.,0
1901,48715,웃긴 사람들이네 자기들이 하는건 포르노아 아니고 영화로 찍는건 더러운거가ㅋㅋ 졸웃기네 이런거안봐도 당신네애들은 다른거 많이본다,0
1902,43076,콩이다 콩지노 콩지노 ㅇ ㅁ ㅇ ㄹ,0
1903,45285,별주기도아깝고 평점주기도아깝다ㅡㅡ무슨 내용이갈수록 막장이냐ㅡㅡ그냥 막내려라ㅋㅋ,0
1904,52150,이거 흥행에도 망했고 주연 커플은 그해 최악의 커플로 선정,0
1905,49990,약탈자들을 위한 변명,0
1906,53100,코미디 임에도 불구하고 그닥 웃기지도 않고..,0
1907,51511,옛날영화 아님? 화질쩔고 자막쩔던데...?,0
1908,36540,이러니까 어벤져스2하고 분노의질주7한테 당연히 지지 이걸 무슨 공포영화라고 우리나라는 공포영화든 SF든 액션이든 이런 장르를 만들어서는 안된다 아 돈아까워 망작쓰레기임,0
1909,46235,"커다란 일장기 깃대로 마지막 마루타를 찔러 죽일때 일장기에 튀는 선혈,일본의 이름으로 자행된 학살의 전형을 의미하며, 동시에 일본 여성은 아이를 낳는데 생명의 탄생과 죽음이 한 곳에 있다. 몸에 불이 붙은 쥐떼가 흩어지는것이 실제적으론 가장 잔인하다.",0
1910,37889,재미없고 지루하고 뻔하구 청승맞구 휴~~,0
1911,56949,뭐냐 이건..,0
1912,30392,쓰레기,0
1913,41137,송두율은 유죄판결이었으나 독일시민권자라 국내에서 사법처리를 못한거다,0
1914,46886,이런 영화 되게 조아하는데 보다가 네번이나 잣다..드뎌 다봄..ㅡㅡ예쁜영상 조아해서 찾아봣건만..ㅠㅠ피노키오보다 암걸리겟음..동화내용 자체를 마니 살렷는데 완전 잼이없음..애들도 잼업겟음..ㅡ.ㅜ,0
1915,50649,선동영화 정체성을 잃다,0
1916,36751,ㅜㅜ 내시간...... 그리고 또 보고싶다는사람들은 또 뭔지..,0
1917,30724,지루한 앞부분 허무한 뒷부분,0
1918,56119,유치 그자체로군. 삼성 윈도폰과 삼성벨소리만 기억남,0
1919,52149,노잼 예스트레스~~~,0
1920,38170,한쪽 의견만 일방적으로 포장하는 다큐멘터리의 위험성. 반대쪽에서 주장하는 사실들은 단 한마디로 언급 안하는 불편한 진실.,0
1921,49901,"카타르시스라도 존재하면 이해하겠는데, 그조차도 없다.",0
1922,50751,못하는 더빙의 표본을 보고싶을때 가서 보면된다. 다된밥에 더빙뿌리기,0
1923,38365,어렸을땐 오버하는 연기때문에 재밌게 봤었는데 지금보니 예전만큼 재밌지가 않았다.,0
1924,33379,정준호 OOO 떄문에 일점이다.,0
1925,39908,킬링타임으로도 약간 안되는 영화...,0
1926,41057,로베르트 베니니에 대해 다시 생각해보게 되었다..,0
1927,32994,흐지부지 허무하다,0
1928,36338,평점에 속았다 정말재미없다 ...,0
1929,57563,으....재미없다.,0
1930,58257,시리즈가 거듭될수록 엉성함은 늘어만 간다.,0
1931,31753,지루합니당 너무너무ㅠㅠ,0
1932,50038,제목처럼 최악의 영화,0
1933,42948,짱깨들베끼기밖에못하는넘들한심하다진짜1점도고마운줄알아메이드인차이나들아,0
1934,40605,"솔직히 나 탑 좋아하는데, 이 영화는 걍 노잼이었음...같이 간 친구한테 미안할 정도...왜 제목이 동창생인지 이해가 안감 한예리 그 분도 왜 캐릭터 등장한지도 모르겠고 김유정 분량 적은데 왜 앞세워서 홍보시킨건지...스토리도 개 병맛",0
1935,57730,오직 CG때문에 3점 씩이나 줄 정도로 최악인 영화,0
1936,46307,한숨만....으휴...,0
1937,56360,하하 이게 뭐임 ㅎㅎㅎㅎㅎ,0
1938,32039,"시사봤음. 왜 만든거야? 일본영화 비밀 똑같이배껴서,,,근데 진짜 잼없네..",0
1939,59328,관객엿먹일려고 만든영화,0
1940,43309,정말 쓰레기다 ㅉ 이영화 홍석천이라면 재미있게봤을영화일듯이영화는 홍석천을 위한 영화다 ㅋ,0
1941,51697,비교를 안할래야 안할수가.. 설내일은 4차원이라는 느낌보다 어디 좀 모자라뵈요 아픈거 아닌가 싶을정도로 힘도없어봬고.. 그리고 마지막에 가요는 정말 뭔가요 ....,0
1942,31225,오인혜. 진짜 무슨 말을 오글거리면서 하냐!뭔 말인지 알아듣질 못하겠다.연기연습 좀 혀!,0
1943,49164,엉성한 각본 속 사보이 호텔 신 하나 건졌다,0
1944,49625,금발 여자애 아가리 찢어죽이고싶다,0
1945,36763,표절을 밥을 쳐 먹듯이 한다니까.이 인간들은 정말로,0
1946,39084,예외는 있겠지만.. 전편보다 나은 속편은없다..,0
1947,55789,상당히 밋밋한 성장영화.,0
1948,49508,3500원주고 다운받아본 내가 죄인이다. 쓸데없는 연예사가 내용의 절반 대단하다! 방범철책을 빠루같은 도구로 못빠져나오는 멍청함과. 폭죽으로 에일리언 잡겟다는 참신한 생각의 주인공들은 뇌가 어떻게 생겨먹은겨.,0
1949,54195,태권브이를 시작할 때도 무슨 생각을 가지고 시작한게 아니라 그냥 베끼기 였기 때문에 이런 망작도 스스럼 없이 만들 수 있는 것이지.,0
1950,55708,카스미가 왜이레.. 이건 평균이하잖아..,0
1951,36574,이야~ 참 답이없네요 성우쓰라니까 참내 성우연기 더럽게 못하는가수 써서 뭐하게요? 영화 베리지 말고 차라리 성우쓰리라고요가수 쓰면 뭐 대박 날줄아나 봅니다..에휴....,0
1952,55896,지우히메로 어찌 해볼려는 얄팍한 상술,0
1953,51396,이영화 시빌라시스템 = 일본2차대전의 뇌를 계승한 전범 우익정권 과 평화헌법... 그들이 다시 식민지를 지배해도 되는지 조심스럽게 묻고있지않은가??? (총리의 사퇴...?),0
1954,57544,평점조절위원회,0
1955,36028,한마디로 표현해서 답답하다.,0
1956,41895,정말별로다...,0
1957,33156,이거 별 3개이상 준사람은 초딩일거임. 정말 짜증나는 영화,0
1958,59257,진짜빡쳐서첨으로이거씀내시간이랑내돈ㅡㅡ일본침몰이후로극장에서이래재미없던영화첨,0
1959,43505,말그대로 쑈~한영화 ㅡㅡ; ㅋㅋㅋ,0
1960,43024,맥컬리 컬킨은 없지만 스칼렛 요한슨이 있다!!!! 한층 더 커진 스케일!!,0
1961,59606,"메시지는 좋았는데, 배우들이연기나 연출 모든게 손발이 오그라듭니다. 어색함의 극치",0
1962,38117,대체 어디에서 웃어야 하는지.. 한국의 정서와는 좀 틀린듯..,0
1963,51231,솔직히 오마쥬를 제외하면 좀 지지부진한 감이 없잖아 있다,0
1964,40057,기대가 컸던 소재인만큼 실망도 너무 컸다. 스토리도 너무 재미없었다.,0
1965,41003,이걸 사람이 보라고 만들었냐 ㅉㅉ,0
1966,40752,처음 봤을 때는 재밌었는데 두번 보니까 노잼이다....,0
1967,52539,"요즘 볼 만한 게 없는 건지, 네티즌이 멍청해진 건지. 동네간 싸움 부추기는 영화임 .",0
1968,40986,스테이트 오브 플레이를 보셈 차라리. 그 영화에서 주요 사건만 바꾸면 그냥 다 똑같음.,0
1969,51799,평점이 터무니없이 높다. 시간낭비 하기 싫다면 보지 마시오.,0
1970,35508,전출연진의 발연기,0
1971,54867,1편의 짜릿한 반전은 없어지고 회를 거듭할수록 단순한 고어영화로 전락..,0
1972,42701,개가 차안에 갖혀있는걸 보고도 몇일 동안 촬영만 하고있는게 정말 화가납니다. 촬영도 중요하지만 빨리 조치를 취해주는게 옳은거 아닌가요?,0
1973,56879,"지나칠정도로 속도감이없다.슬픈내용에 1점줘서 미안하긴한데, 더리더를 먼저보았기에",0
1974,38796,지겨운 영화- 홍상수 감독 영화- 더 지겨운 영화,0
1975,37625,"시원, 짜릿, 통쾌...",0
1976,44391,아 이영화 절대 보지 마ㅡㅡ 0점이 없는게 아쉽다 진짜...,0
1977,53977,김민선나와서좆가틈,0
1978,56733,1점도 아깝다 더낮은 점수가 없어서 그나마 1점이다 클레멘타인이 더 낫다,0
1979,30039,억지 눈몰. 억지 웃음. 보는 내내 한숨만,0
1980,41597,옛날에 봤다면 달랐을까?,0
1981,59612,연애시대 덕분에 손예진에게 많은걸 바라게 됐다. 그래서 실망스럽다.,0
1982,45371,별로,0
1983,56426,너무 재미있어요 !!!,0
1984,37234,"18세영화? 영화 완전초딩용.코딱지싸움,트럼싸움.초딩에게강추",0
1985,30523,알제리 사건에 대해 별로 와 닿지도 않고 그저 지루할뿐..,0
1986,48955,공포영환줄 알았네ㅋㅋ원작망치지맙시다..,0
1987,55925,미드 보고 알게 된건데.. 미드가 과거를 다루는데도 훨씬 재밌다야;,0
1988,43408,그냥뭐..개그콘서트보다 재미없네요..항상 웃긴건가는 왜 안주는건가요,0
1989,37683,사형수는 인간쓰레기일 뿐이다.,0
1990,51160,0점,0
1991,35707,나비가 아주 사실적이고 입체감 있어서 마치 3d영화를 보는 것 같았습니다. 이것은 영화계의 혁명입니다. 저예산 영화가 이렇게 수준높은 CG를 선보인건 이례없는 일인 것 같습니다.,0
1992,36159,"영화보다 나온적은 처음이었다, 포스터는 재밌어보이는데..",0
1993,58694,지상최고 쓰레기영화,0
1994,50191,돈주고 안보는게 개이득,0
1995,52739,멕라이언 연기를 잘한다고 생각하지 않았지만 이영화만은 제외인것 같습니다.,0
1996,43277,"정말 이러시면 안되는거잖아요.. ─━,,──━ㆀ",0
1997,40227,이 영화를 계기로 내가 각본을 더 잘 쓰겠다는 희망을 가지고 장래희망이 영화계로 바꼈습니다.,0
1998,43063,예고편만 몇번을 봐도 이건 진짜....노답. 제발 전문성우 씁시다,0
1999,38657,그냥 다 별로,0
