,comment_origin,label
0,검은사막같은거 시켰으면 잘나왔겠네요,0
1,검은 사막으로 했으면?,0
2,아쉽네요 다른엔진으로 만들었으면 섬세하게 만들수 있는데,0
3,점점 재미 없는 것만 갖고 오네 이제 내용 떨어짐?,0
4,검은사막으로 했으면 더 좋았을듯.,0
5,게임 선정을 잘못 했음 아이온으로 해도 좋았을텐데,0
6,검은사막으로 했으면 좋은결과 나왓을텐데 아쉽,0
7,로스트아크를 시켜보셨어야죠,0
8,로아나 다른 국산 개돼지 커마했으면 좋았을듯,0
9,심즈 장인이랑 같이 했으면 훨씬 퀄리티좋은 결과가 나왔을듯. 장인이 터치하는건 아니고 장인의 dlc 다 해금된 계정이랑 의사선생님이 어떤 기능이 있냐고 물어봤을때 알려주는 식으로 했으면 어땠을까,0
10,다른 온라인 RPG겜을 시키시지..,0
11,로아로 했었으면 진짜 연예인급 얼굴 나왔을수도 있을듯...,0
12,로스트 아크로 했으면.. 아쉽 아쉽,0
13,"그 저기 일본에 있는 일루전이라는 회사의 게임으로 했다면 진짜 예쁜 얼굴로 나왔을텐데... 아쉽구만
꿀선택이나 뭐 그 동아리 활동 게임이나 등등...",0
14,일루전게임으로해야지,0
15,아니 ㅋㅋㅋ 이런걸 누가 궁금해하냐곸ㅋㅋㅋㅋ,0
16,로아로해주지,0
17,"2014년작 카툰풍 그래픽의 게임을 성형외과 의사에게?
진용진씨 게임개발자라 겜잘알이실 것 같았는데...",0
18,*형.....다크소울이나 블러드본을 줬었어야지 아 ㅋㅋ*,0
19,로아로 했으면 더재밌었을텐데...,0
20,스카이림 캐릭터 커마가 궁금했는데 아쉽네요,0
21,화장이나 옷같은 코디부분은 또 다른 전문가분들께 맡겨야할듯ㅋㅋ,0
22,아깝다..로스트아크 캐릭터 커스터마이징을 성형외과 원장님께서 직접 해봤습니다 였으면 전국 로아인들 다 몰려왔을탠데,0
23,스카이림에서 했어야지,0
24,만약 소울 시리즈나 엘더스크롤 바닐라 커마 기능을 드리면.......,0
25,눈 사이 미간이 넘 함몰 된듯ㅠㅜ,0
26,모드 쓰면 아시아인처럼 더 세밀하게 가능,0
27,아...이건 아니지 않나? 너무 허접한데........,0
28,근데 내 눈에만 안예쁘냐?…..,0
29,대댓에 광고 안달리게 좀 해봐라;;,0
30,검은사막이나 로스트아크 였으면 더 세밀 조작이 가능해서 좋았겠네요,0
31,게임 처럼 성형하면 돈 얼마나 드나 궁금했는데 그건 없네요 아쉽,0
32,대박 ㅋㅋㅋㅋㅋㅋㅋ이거말고...좀 더 세밀한 게임으로 했으면 더 대박이였을듯,0
33,오...생각보다 별론데??,0
34,검은사막이 커스텀마이징유명하지않나,0
35,왜 남자는 안 해줌,0
36,아니 커마 옵션 많은 고사양 RPG 겜 하게하시지 ㅋㅋ 이게 뭐에요,0
37,검은사막으로 했다면 더 괜찮을지도,0
38,"잘만들어도 그래픽 티 많이나는 심즈보다는
그냥 로아로 했으면 어땠을까 싶네",0
39,1:40 문제점이라고 하지 마세요...ㅜㅜ,0
40,심즈말고 넥슨 게임으로 했어야죠 ㅠ,0
41,닼소는 어떨까.....,0
42,모드를깔아드려야죠!,0
43,"와.. 한국인이 바라는 결말은 아닌데??
사실 망해서 마지막에 원장님이 저기 병원 이름은 지워주세요 결말 기대했는데..",0
44,현실고증....,0
45,조금이 아닌데....?,0
46,무엇보다 심들 표정 들어가면 개 못생겨집니다.. 마지막 화면이 무표정으로 비교하는게 더 좋앗을 것 같아요 ㅠㅠ,0
47,중요한 부분이 빠짐 총비용 어느정도?,0
48,로스트아크 하는 줄 알고 쥰니 기대했는데,0
49,국산 게임 검은 사막 같은걸로 해주시지,0
50,검은사막 커스터마이징으로 다시 도전해 봅시다!!,0
51,검은사막이나 아르미스 커스터마이징 시켜보시지..,0
52,커마는 허니셀렉트2 지!! 춤도추고 붕가도 한다궁,0
53,요즘 진짜 조회수 왜캐 안나옴...?,0
54,아 검은사막으로 했으면 쌉고퀄 나왔을텐데 아쉽습니다 ㅠㅠ,0
55,검은사막으로 하면 어떨지 궁금하네,0
56,썸네일 존못,0
57,블소를 시켰어야지!!!! 검은사막!! 로스트아크!!,0
58,몬스터 헌터 월드 커마로 해봤음 더 예쁘게 나왔을 듯ㅋㅋ,0
59,게임 선택이 잘못 되었네요 엘더스크롤 스카이림 모드 깔고 시키셨어야죠..,0
60,검은사막으로 커마하면 더 잘하겠다,0
61,커마를 할거면 검은사막이 ㄹㅇ인데,0
62,슬슬 재미없어진다.......주제가 떨어진듯,0
63,이거 풀 버전 보고싶어요 첨부터 재밌는데 잘려서 좀 아쉬움 ㅜㅜ,0
64,"모드!! 모드를 깔아드리라구요!!!
미친 퀄리티가 나올건데에!!",0
65,다른 영상들에 비해 소리가 너무작아요 ㅠ,0
66,본인직업은 유튜버라고 적으셨는데.. 인터뷰하시는 분은 카푸어라고 적은게 웃기네요 ㅎㅎ,0
67,주작인 건가   리포터가 어설퍼,0
68,그 우파푸른하늘에 20대 막내PD라고 차차님 있은데 그분 인터뷰 섭외하시지 ㅜㅜ,0
69,썸넬 넘 극혐,0
70,불법토토 광고영상 이던데,0
71,용진아 이런 뻔한거 말고 초창기처럼 쎄게좀 가주라,0
72,불안해보이냐 왜케,0
73,진짜  진용진  개싫어    이런거나 알려줘야지  역사 같은데보면  정확하지도 않은역사정보 사실인거 마냥아주 날조하고 반미반일선동하고 ㅋㅋ 친북좌파 대한 선동도 하고 ㅋㅋ 겉으론  북한 싫어하는척 하면서  차분하게 선동하니깐 잼민이들 선동이 아니라 사실로 받아들이고 애들한테  잘못된 역사의식 심어주고  이런 선동하는애때문에  대한민국 성장하는데 있어서  브레이크 게속 걸리잖아   진짜 이딴 쓰레기채널 하루 빨리 인수되기를 기원함   잼민이들이 올바른 역사 가치관 바로잡길 기원한다,0
74,솔직히 이게 왜 궁금할까????,0
75,3:25 마이드 - 마인드 (오타),0
76,일반화시켜버리는게 스포츠카타는사람들을 싸잡아서 이야기하는거같아서 보기 좋지않네요,0
77,진용진씨 나대지맙시다ㅋ,0
78,응 주작,0
79,이건 질문이 아니라 걍 놀리는 거 아님? ㅋㅋㅋㅋㅋㅋ,0
80,역시 진용진 돌려까기 지린다 쓰례기들 인터뷰하러다니면서 돌려까기!,0
81,요즘 올라오는거 720p 아닌거 아실려나,0
82,"설문조사를 할때 설문의 목적을 알려줘버리면
피험자는 질문자의 의도를 도와주고싶어하기때문에 신뢰도가 떨어진다고 생각합니다..",0
83,질문을 바꿔서 잘 생겼다고 생각한다로 하면 별로 안 나옴... 평균이상 이런 질문이 참 애매함.. 못 생겼다 잘 생겼다 잘생기지 않았다 못생기지 않았다.. 늬앙스가 다 다르듯이... 그리고 외모가 딱히 얼굴에만 국한 된 것도 아니고 아무튼 저렇게 모호한 표현으로 설문조사 하면 신뢰도가 많이 떨어지지,0
84,'외모'가 아니라 '몸매'겠지.. 주제 자가 잘못 됐음..,0
85,남성뿐이 아니라 여성도 설문해서 둘이 비교하는게 더 정확하지 않을까요??,0
86,근데 요즘 진용진 조회수 팍 떨어졌네....,0
87,외모에 찌든 나라네 ㅋㅋㅋ 그만좀 비교질하자,0
88,댓글 좀 볼려하니까 매크로 때문에 대댓글 씹창났네ㅋㅋ,0
89,"청소년지도사입니다.
교관 호칭이 잘못되었습니다.
많은분들이 전문성 없던 옛 교관시절 수련회를 기억하시지만, 청소년지도사는 2년혹은 4년을 대학에서 청소년에대한 전문지식을 토대로 탄생하는 직업입니다.
또, 소지품검사, 체벌, 인권침해, 성희롱등의 사항은 엄격하게 금하고 있지만 애들 담배가져왔을지도모르니 검사해달라, 애들 빡세게 굴려달라, 정신차리게 해달라 등은 학교측의 요구입니다. 대부분 그 학년부장선생님들의 요구이구요.
물론, 분위기를 무겁게 만드는 멘트들 사용합니다. 거기에도 이유가있습니다. 특히 레크리에이션  및 장기자랑시간이 끝난후에 숙소에 돌아가면 가장 많은 사고가 발생합니다. 청소년기에 아직 집단과 또래친구들의 분위기가 고조되어있으니 평소엔 일어나지 않을 사고들이 일어나게 되죠. 그걸 방지하기 위해서 억지로 분위기를 다운시키는겁니다. 초반도 비슷하게 프로그램 참여에 몰입할수있게 다운시키는거구요. 
짧은 2박3일이라도 청소년들이 와서 안전하게 집에돌려보내는것이, 재밌었던 추억 한 줌으로 만들어주는것이 저희의 일입니다.
영상이 많이 아쉽네요. 교관이라는 전문성 없던 시절에서 벗어나 더 좋은 청소년지도사의 모습이 청소년들의 기억 속에 남도록 앞으로도 노력하겠습니다.",0
90,오늘은 주제가 너무 재미없다...,0
91,얘도 컨텐츠 슬슬 노잼이네,0
92,어그로그만끌어라 조회수끌려고 우리가 궁금해하는거 올리는데 결국에는 쓸데없는정보이고 우리에게 살면서 도움되지도않는 정보인데 몇년째 똑같은 컨텐츠냐 에휴,0
93,에이 너무 전문가 설명에 맹신이다…,0
94,이딴거 할빠에 머리카락 갯수나 세자,0
95,설명 진짜 못하네..,0
96,얘는 왜 보면 볼수록 비호감같을까?,0
97,ㅈ같은 개그 쳐하지마라 역겹다,0
98,이건 너무 안궁금..,0
99,계속 이딴 잼민이들이나 궁금해할만한거만 올리니깐 조회수가 10창이 나죠,0
100,걍 이딴 개 노잼 소재 말고 경찰차 앞에서 대놓고 위반할때 과연 쫒아 올까? 이런 자극적인거 해라,0
101,광고냄새,0
102,이제 소재 많이 떨어졌나보네 ㅉㅉ,0
103,얘는 근데 왜 갑자기 또 떡상함? 재밌는거 올리면 죄는 없어지는건가?,0
104,그냥 위대한 개츠비 표절 아님?,0
105,"너무 당연한 것 아닌가요? 제목만 보면 답이 저절로 나오는 주제들이 많네서 작년에 질문을 올렸는데 제가 궁금한 그 궁금증, 아직도 1년째 해결이 안 됐네요",0
106,이거 그냥 광고같은데 ㅡㅡ,0
107,"존나뻔하다 제목으로 어그로끌고 결국 종사하는 사람 1 -2명 인터뷰하고 ㅋㅋㅋ 맨날똑같네 방식이
접어라유튜브",0
108,이시키는 쓸때 없는짓만 하네,0
109,안궁금한데,0
110,이딴거 안궁금하고,0
111,재밌다고 올린건가....,0
112,너무 재미없었어요,0
113,머고 이게 재미없어,0
114,진짜 모르겠는데? 뭐가 재밌는지 설명 좀,0
115,처음부터 끝까지 개정색하고봄,0
116,재미없네,0
117,예전이 그립다...,0
118,이.게.재.밌.냐,0
119,갑자기 과나가 왜 나오냐..,0
120,재미없다 구독취소,0
121,이번건 진짜 ... 그닥... 별로...,0
122,얘도 컨텐츠 슬슬 노잼이네,0
123,어그로그만끌어라 조회수끌려고 우리가 궁금해하는거 올리는데 결국에는 쓸데없는정보이고 우리에게 살면서 도움되지도않는 정보인데 몇년째 똑같은 컨텐츠냐 에휴,0
124,에이 너무 전문가 설명에 맹신이다…,0
125,이딴거 할빠에 머리카락 갯수나 세자,0
126,설명 진짜 못하네..,0
127,얘는 왜 보면 볼수록 비호감같을까?,0
128,ㅈ같은 개그 쳐하지마라 역겹다,0
129,이건 너무 안궁금..,0
130,계속 이딴 잼민이들이나 궁금해할만한거만 올리니깐 조회수가 10창이 나죠,0
131,걍 이딴 개 노잼 소재 말고 경찰차 앞에서 대놓고 위반할때 과연 쫒아 올까? 이런 자극적인거 해라,0
132,광고냄새,0
133,이제 소재 많이 떨어졌나보네 ㅉㅉ,0
134,얘는 근데 왜 갑자기 또 떡상함? 재밌는거 올리면 죄는 없어지는건가?,0
135,그냥 위대한 개츠비 표절 아님?,0
136,"너무 당연한 것 아닌가요? 제목만 보면 답이 저절로 나오는 주제들이 많네서 작년에 질문을 올렸는데 제가 궁금한 그 궁금증, 아직도 1년째 해결이 안 됐네요",0
137,이거 그냥 광고같은데 ㅡㅡ,0
138,"존나뻔하다 제목으로 어그로끌고 결국 종사하는 사람 1 -2명 인터뷰하고 ㅋㅋㅋ 맨날똑같네 방식이
접어라유튜브",0
139,이시키는 쓸때 없는짓만 하네,0
140,안궁금한데,0
141,이딴거 안궁금하고,0
142,재밌다고 올린건가....,0
143,너무 재미없었어요,0
144,머고 이게 재미없어,0
145,진짜 모르겠는데? 뭐가 재밌는지 설명 좀,0
146,처음부터 끝까지 개정색하고봄,0
147,재미없네,0
148,예전이 그립다...,0
149,이.게.재.밌.냐,0
150,갑자기 과나가 왜 나오냐..,0
151,재미없다 구독취소,0
152,이번건 진짜 ... 그닥... 별로...,0
153,와 ....제정신이 아니네 ...,0
154,아주자랑입니다 X발꺼,0
155,목소리 역겨워,0
156,..에휴,0
157,이새끼 말투 ㅋㅋ..,0
158,자랑이냐 역겹다,0
159,구독취소 인스파 언팔 완료!,0
160,진짜 찐따같네요.,0
161,영상 길이좀 줄이자,0
162,개 쓰잘때기 없는 걸로 영상찍네 ㅋ,0
163,따라하누,0
164,발음 연습 좀만 해주시면 더 좋을듯요..,0
165,보이스를 좀만 넣으면 재밌을듯,0
166,따라하네;;,0
167,아니 재업을 몇번 하는거야 ㅋㅋ,0
168,말하는거 ㄹㅇ 듣기싫음,0
169,저딴걸 왜해요,0
170,진짜 심각하게 못하네,0
171,화질구지네요,0
172,당연히 다알지,0
173,공포영화장르를 좋아하는데 이건좀........지루하고 억지스럽고.....,0
174,별로다,0
175,어설픈.....,0
176,이 시대의 정서와 안 맞는건지.. 내 정서와 안 맞는건지.. 기대치가 높았던걸까 ? 기대와 달리 실망이 많은 영화였다.,0
177,여러가지 종류의 팝콘 맛을 음미할 수 있게 해준 영화엿습니다. 역시 팝콘은 카라멜 팝콘 개강추,0
178,내 다큐좋아 많이보는데 이거 아마추어티가 너무난다 고등학교 방송반에서 만든 느낌이랄까,0
179,망덕...,0
180,원래 공포영화 여주인공은 효도르랑 맞짱붙어도 이긴다지만...,0
181,푸하.평론가들이좋아할줄알았어.니네스타일이다,0
182,채정안 진짜 이쁜데 손발이 오그라들 것 같은 연기에 ㅜㅜ 정말 진짜 안 벗음 ㅋㅋㅋ,0
183,영화가 너무 허접해 ㅋㅋㅋㅋㅋㅋㅋㅋㅋㅋㅋㅋㅋㅋㅋㅋㅋㅋㅋㅋㅋㅋㅋㅋㅋ,0
184,국가보안법으로 제작자들 잡아들려야 할수준의 영화,0
185,첨부터 끝까지 볼만한게 없다,0
186,노자나올때부터 알아봤다,0
187,남편이연기를 못하는거같아요 계속 남편나올때 흐름이깨져요,0
188,미안... 너무 지루했다.,0
189,재미없음ㅋㅋ 어린애들이보면 좋아하겠다,0
190,애슐리!! 연기력 좋은애가 왜 자꾸 벗니?(보기엔 좋다만..),0
191,아답답해ㅡㅡ진짜로 화가나서 도저히못보겠어요몇주뒤에 보는건데도아직복수가시작이안됫다니..아오 답답하고짜증나고..제발,0
192,마지막 반전이 숨겨져있지만 역부족.,0
193,나름 그냥 시간때우기용으로 아무생각없이 보고있다가 마지막에 드레스입고 그거 뭐야 ㅡㅡ 아무리 영회라지만 이건 좀 아니지않나? 별점 1점주려다가 마지막 씬 빼면 그나마 대학생활생각도 좀 나고해서 3점 준다 에라이 퉤,0
194,"이런, 평점이 너무 부풀려졌군요. 그저 고만고만합니다.",0
195,솔직히 말하면 이게 왜 7점인지 도저히 이해할 수가 없다. 긴장감? 화면이 주는 사실성은 배우들의 어설픈 연기가 다 망치고 있고 빈약한 내용은 줄거리로 쓰기에 민망할정도,0
196,1분이 30분처럼 느껴졌던.. 사상 최악의 영화.. 역시 카펜터 작품은.. 좀아닌듯하다..,0
197,2시간동안 할 수 있는일이 이것밖에 없었다는게 원망스럽다.,0
198,소재의 해석과 화법 간의 충돌이 이물감을 준다.,0
199,-_- 주인공이 너무 멍청한듯 이건 밑도 끝도없이 당하기만하고...,0
200,내가 ㅋ이런거 진심 살면서 리뷰가 됫든 평점이 되엇든 처음적거든ㅋ그냥 한마디로 씹소름 ㅋㅋ,0
201,"뮤지컬은 일단 노래하는 장면이 좋아야 하는데, 이건 별로",0
202,치는 떡도 좋아하고 먹는 떡도 좋아ㅋ.,0
203,여러분의 선택이라더니 자기들 뜻대로 모든 상황 몰고가네요,0
204,이번드라마는 좀지겨운느낌이드네요 솔약국집작가님 맞나?할정도로~ 캐릭터도 분야별로 너무 극단적인 설정으로 보는내내 안타카운마음이 드네요~ 그렇다고마음이따뜻해지는 부분이 있는것도 아니고~ 연속되는갈등에 마음이무겁습니다~ 그럼수고하세요,0
205,-_-;; 한무 아저씨때메 1점,0
206,96년 고딩 시절에는 재밌어서 나중에 청계천가서 비디오테이프로도 구입했었는데..,0
207,드럽게재미없어ㅡㅡ별점한개도아깝다,0
208,"그냥 봐 그럼 1점도 아까울꺼... 근데 굳이 이런 영화에 영화 관계자분들 수고하셧습니다.. 영화 만드는데 수고 그리고 평점 관리 하는데 수고, 이리저리 수고하셧습니다",0
209,황신혜의 노래는 거의 꽝 꽝 꽝 이요..,0
210,모야.줄거리도 연기도 진짜 연기합니까? 진짜 연극같음.감정이입 절대안됨.,0
211,너무 못만들어서 감흥은 커녕 슬픈 장면에서 실소했다 포르노가 D급영화라면 이영화는 C급영화,0
212,쓰레기,0
213,포스터가 너무 난잡해..,0
214,캐릭터에 의존해서 기존의 세계관마저 웃음거리로 만드는 못된 상술,0
215,"커피를 매우싫어하고 담배냄새를 싫어하는 나에겐 지루하기만할뿐,",0
216,너무 지루해서 끝까지 보질 못 하겠다. 뒤가 얼마나 재밌는지는 몰라도 도대체 초반을 넘기기 힘들어.,0
217,재미없어,0
218,초반에 좀 재밌을것처럼 하더니 맹탕이네,0
219,밀리면 안됀다 방어율 1점대 고수~~,0
220,마동석은 본인한테 맞는 옷이 있는데 이번 역은 정말 안 맞아..영화가 너무 작위적이야.,0
221,김기덕의 어설픈 추종자.,0
222,그냥그런...,0
223,"보다가 오글 돋아서 관뒀다, 너무 질질 끌지말고 16화로 그냥 끝내지.. 쓸데없는 부분이 많다.",0
224,b급은 커녕 f급도 못되는 최하급영화,0
225,"""이영화 정말 드럽게 재미없어요 정말 끔찍해 """"내왕자친구는 왕자님""""만큼이나 끔찍해""",0
226,답이없다...평점이 왜이렇게 높아 ???/진짜...,0
227,헐리우드급 CG에서 웃으면 되는가?,0
228,부끄럽고 안타까울 따름입니다 .,0
229,방금 4편까지 봤는데....나만 이런 생각하는건 아니었구나 리뷰를 먼저 볼걸;;괜히 시간버림 특히 남태현 연기력 답안나옴.나올때마다 스킵하느라 귀찮네,0
230,뭐...뭐지??????? 영화는 너무 암울해....,0
231,내가 살다살다 이런 러비쉬 삼류영화를.. 후.. 답답하네여..,0
232,의도에 공감하다. 음..,0
233,처음부터끝까지 므이의 전설만 얘기해주는영화..ㅋㅋㅋ전설을 들었으니2점,0
234,그 미달이가 애로배우가 되다니 ...,0
235,불쾌한 영화지만 왠지 남의 일만은 아닌거같아 더욱 씁쓸...,0
236,제레미 형 왜 나왔어 T_T. 만약 피터 잭슨이 만들었다면...,0
237,충격과 공포의 쓰레기영화다... 피안도라는 이름을 여기다가 붙이는거 자체가 아까움,0
238,노무라 만사이의 매력에 빠질수밖에 없는 영화~!,0
239,킁킁 어디서 썅내 안나요??정도것 해야지.... 남주여주 비주얼 보고 겨우 참음,0
240,아닥하고 보지 말아연.,0
241,단순하고 느림의 미학이랄까...근데 지루하다..,0
242,영화에 대한 안목이 높아지다보니..OO전쯤엔 무서웠을지도 모를 영화,0
243,점수주기도 아까운 영화,0
244,네이버 평점이 이렇게 정확할줄이야..,0
245,코미디로만 보면 볼만은 하지만 내용이 좀 재미가 없다.,0
246,번역가아줌마가 망친영화 ㅋ 본인 블로그에 해명글ㅋ올려서 2차적으로 사람 빡치게하는영화,0
247,하암.....,0
248,"이렇게 좋은배우를 데리고,요거밖에 못찍어오다니.싼티나는액션이랑,자동차도 딱질색.",0
249,분노한다! 안젤리카 휴스턴이 그려내는 여성상이 고작 이따위라니!,0
250,프랑스판 멍청이들이 나와 웃기려고 엄청 노력한다 하지만 부족 부족,0
251,이거진짜일점도아깝다.. 작가의도가뭡니까?대채!!글구 어짜피미래는 안바뀔꺼면서 왜미래에서왔는지모르겠네.. 진짜정용화아니었음 이 드라마 망하고도 남았음ㅡㅡ,0
252,살다살다 이렇게 답답해서 미칠것같은 영화는 처음 아 보면서 스트레스 받는 영화도 처음ㅡㅡ,0
253,진짜 어떤세상에 사십니까 당신은.. 어메이징,1
254,ㅋㅋㅋㅋㅄ 신차가 말고 니 차 가격이 얼마냐니깐ㅋㅋㅋㅋㅋㅋㅋㅋㅋㅋㅋㅋㅋㅋㅋㅋㅋㅋㅋㅋ,1
255,이런말 하면 안되는데 조금 별루다 카푸어는 진짜,1
256,ㅋㅋㅋㅋㅋㅋ샍즈,1
257,난 진짜 몇명 제외하고 거의다 나보다 잘생긴것같음 ㅠㅠ,1
258,나 ㅈㄴ 잘생겼는데,1
259,평소에는 평균이하 샤워할 땐 평균이상 ㅋㅋㅋㅋㅋㅋㅋㅋㅋㅋㅋㅋㅋㅋㅋㅋㅋㅋㅋㅋ,1
260,아만다가서 평가받아봐라 ㅋㅋㅋㅋㅋㅋ반절은 착각속에 살고있지 자기가 평균이상이라고 ㅋㅋㅋㅋㅋㅋㅋㅋㅋㅋ,1
261,"다 같은 사람이라도 또 다른 자신이 존재하는 것도 
아니고 인격체로 따지면 다 1명씩 밖에 존재하지 않으니 모두 특별한 것 아닐까합니다",1
262,0:35 정직한 놈들의 대표라고 하고 인터뷰는 에어팟 끼고 하네 ㅋㅋㅋㅋㅋㅋㅋㅋㅋㅋㅋㅋㅋㅋㅋㅋㅋㅋㅋㅋㅋ,1
263,직업소개란 카푸어 개웃기넼ㅋㅋㅋㅋㅋㅋㅋ,1
264,부동산만 300억인데 중산층은;; 준재벌이지 이건 ㅋㅋㅋ,1
265,ㅋㅋㅋㅋㅋㅋㅋㅋㅋㅋㅋㅋㅋㅋㅋㅋㅋㅋㅋㅋㅋㅋㅋㅋㅋㅋㅋ하여간 허세충들,1
266,개인자산만 300억에 그룹재산합치면 2700억이 중산층이라니 난 나름 내가 중상층이라 생각하고살았는데 개걸뱅이였네.. 씨불ㅠ,1
267,"카푸어 : 아잉 부끄러 얼굴 안깡
재벌 : 상관 없습니다 ㅎㅎ",1
268,요즘은 코인같은걸로 졸부된 사람들이 꽤 있어서 그런사람들인줄 알았는데 그런사람들은 영상에 안나왔넹,1
269,입터는게 안일권이랑 비슷하네 안일권이 진짜 고증 잘한듯 ㅋㅋㅋㅋㅋ,1
270,기가막힌 코가막힌 마케팅에 박수를 ㅋㅋㅋㅋㅋㅋㅋㅋㅋㅋㅋㅋㅋ,1
271,4:16 26살 맞나요?,1
272,금수저 or 대출 풀로 땡기고 인생 망한 사람들,1
273,굿,1
274,ㅋㅋㅋㅋㅋㅋ 웃음밖에 안나온다,1
275,"돈 내고 고생하는 전형적인 케이스, 도대체 왜 저런걸 할까?",1
276,여자버전도 해야된다 추천,1
277,"""이건 개인의 비밀의 자유와 재산권을 침해하는 행위입니다!!!""

""미성년자가 술담배를 하는건 말이 되고..?""",1
278,사실 비엠 차주도 허세 없고 솔직한 편이네요 ㅋㅋ 여유가 없으면 저렇게 인터뷰도 못함,1
279,"300억 자산가가 중산층이면
 대한민국에 중산층은 다 죽었네",1
280,ㅋㅋㅋㅋㅋㅋ전문분야라 되게 꼼꼼하시네,1
281,호주에서 핫팬츠흰나시에 금발백인여자가 선글라스끼구 검정 레인지로버 운전석에서 나오는 모습이 정말 아직도 기억에 많이남음 남자지만 그모습이 너무 멋있었음ㅋㅋㅋ,1
282,내 짧은 경험으로 볼떄는 부모님 말씀보다 형제나 자매 말이 진짜 객관적임...,1
283,민호님 이름 거꾸로 됐으면..크흠..,1
284,왁굳형도 이걸봤지ㅋㅋ,1
285,"3:31

[카푸어]
아뇨. 카푸어라고 생각하지 않습니다.

자막 미쳤냐고ㅋㅋㅋㅋㅋㅋㅋㅋㅋㅋㅋㅋ",1
286,역시나 존시나...,1
287,수련회 교관 유행어) 여러분 지금 여기 놀러왔습니까?!!,1
288,여학생 검사히다가 속옷 나와서 고소 한 사례 있던데,1
289,카푸어 왜욕하는지 진짜 모르겠어요 요즘 욜로족이라고 한번쯤인 자기 인생을 즐기는 사람들을 소비개념까지 전부 존중해 줘야지 또 그런 분들이 진짜 고마운게 그분들 덕에 내 가치가 자동 상승되잖아 진짜 너무 고마워요 😄,1
290,용진이형 놀라는 표정 개웃기닼ㅋㅋㅋㅋㅋㅋ많이 해주세요ㅋㅋㅋㅋㅋ,1
291,두번째분 완벽하시네요 부럽 ..,1
292,괜찮아 남잔 외모가 전부가 아니니깐 주륵...ㅠ,1
293,제일 한심스럽게 보이는 부류다,1
294,"남자들은 외모(얼굴 포함하여 몸매나 근육 등)를 특히 샤워할 때 무척 멋지다고 생각한다 하네요. 저희 아들이 그러더라고요.ㅋ
 반면 여자들은 마른 사람이든 뚱뚱한 사람이든 다 뚱뚱하니 살 빼야 한다고 하죠.ㅎ 그래도 얼굴 예쁜 건 본인들이 다 알더라고요.
ㅋ",1
295,"남자
샤워하다가 머리 올백하고 거울보면서
어..? 이정도면 평균 이ㅅ...?
여자는 모르겠네",1
296,"재벌은 중고차를 사는 입장이 아니라 파는 입장이지.. 재벌 2,3세들은 부모님 카드 받으면 돈 사용 내역 지우려고 일단 새 차 하나 카드로 뽑아서 중고시장에 현금으로 내다 팔아서 현금 쓴다더라. 어쩌다 중고시장에 완전 새차 매물 나오는 경우가 그런 경우라 들음.",1
297,내가 아는 건물주도 뭐 HG중고 사서 타던데 ㅋㅋ,1
298,중산층같은 소리하고 있네 ㅋㅋㅋㅋㅋㅋㅋㅋㅋ,1
299,본인 한번사는인생 폼나게 사는건 알겠는데 제발 마후라좀 빼세요 남한테 까지 민폐끼치면서 폼 찾지않았으면 좋겠습니다,1
300,"대학 에타에 돌아다니는 우리나라 계층짤 그대로 적어 봤음. [자산(부동산) 포함]
극상류층 : 200억원 이상(전부 상속, 세금이 최대 관심사
상류층(금수저) : 94억원 이상(상속이 대다수, 상증세 매우 민감)
상위 중산층(은수저) : 15억원 이상(일부 상속, 상증세 민감)
중산층(동수저) : 9억원 이상(상속 적음, 상증세 없음)
상위 노동자층(쇠수저) : 6억원 이상(상속 매우 적음)
중위 노동자층(나무수저) : 3억원 이상
하위 노동자층(흙수저) : 1억5천만원 이상
빈곤층(손수저) : 6천만원 이상
극빈곤층 : 0만원 이상",1
301,이거 제대로하려면 여초에서도 따로 했어야함 여자도 자기가 이쁘다고 생각하는게 71퍼나올지 어캐암,1
302,설명하면서 엄청 잘하시네 ㅋㅋㅋㅋㅋㅋㅋㅋㅋ,1
303,남자얼굴의 평균이라는 기준 자체가 한국은.....암울하다,1
304,992가 아닌게 신기하네,1
305,"나는 차 살 돈으로 미국 주식하니 돈이 불어서 기분이 좋던데…. 물론 차가 없어서 불편하지만, 노후에 불린 자산으로 간지나게 벤츠 타고 싶음",1
306,"남자가 자신의 외모는 평균 이상이라고 생각한다
여자는 자신의 외모는 메이크업 기준 이라고 생각한다",1
307,국평오는 과학이랬다,1
308,"요즘 내가 느끼는 유튭분위기는 오히려 남자들이 남자외모에 비판적이고 여자들이 여자외모에 관대한 느낌이던데 ㅋㅋ
외모얘기는 하면 안된다면서 다른 사람외모얘기는 오지게 하는 게 딱 그분들",1
309,카푸어 = M생 그 자체. 운전도 ㅈ 같이 함 ㅋㅋ,1
310,과체중 입니다. 선생님 너무 하신것 아닙니까 ㅋㅋㅋㅋㅋㅋㅋㅋㅋㅋㅋㅋ,1
311,그냥 부모를 잘 만나야 함ㅋㅋㅋㅋㅋㅋ,1
312,솔직히 턱이 너무 짧고 얼굴이 너무 작아서 제 취향은 아니네요,1
313,1번은 주작아님 비으으응신이고 2번은 난놈이네,1
314,4:20 금수저새끼들 특: 자기정도면 중산층이라 함ㅋㅋㅋㅋㅋㅋ,1
315,진짜 저런 부유한 젊은이도 있구나,1
316,"엄마조차 나보고 못생겼다 하는데 어떡함,,,",1
317,난 주변 사람들 여자애들 친구 다 나보고 잘생겼다해서 ㅋㅎㅋㅎ,1
318,나 했었는디,1
319,근데 ㄹㅇ 팩트는 애매한애들이 있는척하고 찐 부자들은 적당히 없는듯 하고 다니는데 막상 옷부터 까보면 티 하나에 40~50 이럼ㅋㅋ 없는 애들은 구찌 대문짝만하게 달린거 입고 다니고 ㅋㅋ,1
320,카푸어는 모자이크 ㅋㅋ 금수저는 노모자이크 개웃기네 ㅋㅋ,1
321,자산 300억보다 저 얼굴이 26살이란거에 놀랏다,1
322,한 70년대 미인같음,1
323,수련회에서 엎드려뻗쳐하고 마지막에는 교관이랑 손흔들면서 인사하는게 국룰 ㅋ,1
324,비싼 돈 내고 똥개훈련 하러 가는 곳ㅋㅋㅋ,1
325,일단 내친구박상준보다는 내가 훨잘생김 ㄹㅇ,1
326,전 평균 이상 ㅋ,1
327,"넉넉하게 한시간이라니
잘모르겠지만 나보단 훨 잘하는듯ㅋㅋ",1
328,"진짜 성형수술은... 볼때마다...
무서워 ㄷㄷㄷㄷㄷㄷㄷㄷㄷ...
중국인들.. 성형수술해서 인형처럼 바꾼 사람들...
볼때마다 멘붕올거 같은 공포감이 몰려옴 ㄷㄷㄷㄷㄷㄷㄷ
암튼 진짜 신기하다.... 
의사선생님이 괜히 의느님이 아니네요 ㄷㄷㄷ",1
329,진짜 의사선생님이 잘 하시네요 ㅋ,1
330,큰돈 버는 만큼 힘든다 보다 ㅜ,1
331,차값에. 취등록세를 왜 더하냐고,1
332,진용진! 당신도 살수있잔어!,1
333,진짜 여유자체가 다르네 부자들은ㅋㅋㅋㅋㅋ 하..,1
334,ㅋ,1
335,"세상에 가장좋은복 부모복 도저히 이길수가 없음
부동산 자산만 300억 통장에는 얼마 있다는거야",1
336,수팅게임 프로게이머들은 진짜 총도 잘쏘는지 알려주세요,1
337,외모중에 일단 키는 객관적인수치라서 평균이상 이하 나눌수있긴할듯ㅋㅋ,1
338,33초전!,1
339,국수로 목도리뜰수있을까요?,1
340,3:20 내일 죽으니까 후회가 없지ㅋㅋㅋㅋㅋㅋ,1
341,못생겨도 잘생겼다 생각하는건 상관없는데 제일 꼴받는건 잘생긴놈들이 못생겼다 생각하는거 제일 꼴받아ㅋㅋ,1
342,1,1
343,ㅋㅋㅋㅋㅋㅋㅋㅋ,1
344,26세 실화??,1
345,"그냥 살다보면 모임에서 잘생겼단 소리 자주 들으면 평균 이상이고 
ㅆㅅㅌㅊ면 이미 일반인이 아님",1
346,인생 이지모드 돌려도 힘들거같은데 자체 하드모드 돌리는 사람들임 ㄹㅇ ㅋㅋㅋㅋㅋㅋㅋㅋㅋㅋ,1
347,디시는왜없어....? 왜없어? 왜없어? 왜없어? 왜없어?,1
348,멋지게 살고 싶어서 저러는데 진짜 개구려보임ㅋㅋ,1
349,중산층 조건: 부동산만 300억 레인지로버는 막 타는 차,1
350,이번 주제 아이디어 좋다ㅋㅋ,1
351,카푸어가 금수저 처럼 느껴질때. 교통법규 잘 지킬때. 금수저가 카푸어 처럼 느껴질때. 교통법규 무시할때.,1
352,국수 잘만드는사람이 수제비 못하라,1
353,결론: 욜로하면서 지르지 말고 수준에 맟춰 살자,1
354,300억자산가가 중산층이라... 흠,1
355,게임캐릭터로 저렇게 의학적인 분석을 하는게 진짜 신기하네,1
356,제가 고딩때 가방검사 다해서 술병 두세개 나옴ㅋㅋㅋㅋㅋㅋ / 몇 명만 뽑아서 안하고 그냥 다 뒤짐 (학교 선생님이) + 과자 너무 많다고 담임한테 뺏김ㅋㅋㅋㅋㅋ 그리고 없는애한테 줘버리던데 ㄹㅇㅋㅋㅋㅋ 지껀가,1
357,"주차장에 주차해놓은거부터 짜증나네
유지할 품위는 있고??",1
358,와ㅋㅋ보자마자 개궁금해지는 주제다,1
359,3:01 진짜 이 말 맞음. 한국사람뿐만 아니라 동아시아 전반적으로 무턱 겁나 좋아함... SNS 사진이나 동영상보면 필터로 눈 겁나 키우고 턱은 너무 가늘고 뾰족해서 거의 외계인같은 비율 만들고 온라인게임 여캐들도 보면 한국에서 양산형처럼 찍어낸 내수용 게임들은 서양인  여캐라도 턱이 거의 없더라.,1
360,2500억 중산층.. 나는 무슨층인가....,1
361,그래서 염따같은 사람들이 돌아다니는 거지 빠끄,1
362,와 ㅅㅂ ^^03년생은 수학여행 안가봐서 모르겠다^,1
363,오늘만 사는 남자,1
364,중산층이요???ㅋㅋㅋㅋㅋㅋ 너무 겸손하시네요....ㅠ,1
365,"자기만 평균 이상이라고 생각하던 친구가
아만다에서 얼평당하고 화내던게 생각나네요ㅋㅋㅋㅋ",1
366,"지갑, 클러치조합에 짜세 디진다잉",1
367,"이번생은 중산층도 가기 힘들겠네...
자산가치 2500억규모가 되야 중산층 인거자나...ㅠㅠ",1
368,솔직히 반은 토보충임 허세 가오 노답,1
369,카푸어..ㅋㅋㅋㅋㅋㅋ언제 철 들라나,1
370,"f30 ㅋㅋㅋㅋㅋㅋㅋㅋ
m팩도 아니고 ㅋㅋㅋㅋㅋㅋㅋㅋ
품위 유지비???? f30은 그냥 동네 주씨 가도된다 ㅋㅋㅋㅋㅋ
저론놈들이 월미도가서 가오다시 존내게 잡드라 ㅋㅋㅋㅋㅋ",1
371,"다른사람과 외모를 비교하면서 부러워하고 위안 받고 불편해 하고 하는건 인간의 천성(?)이라 어쩔수 없는듯..

그냥 그 에너지를 좋게 전환시키고 고쳐나가야는지가 중요한거 같아요.

진용진님 말씀대로 자존감이 낮은것보다 차라리 허세있는게 정신건강에 좋음.",1
372,잼민이들아 학교 동의여부 문제가 아니라 애초에 본인의사 없이 소지품을 강제로 검사하는것은 법적으로 위반이다.그래서 안보여주면 걍 끝이다.,1
373,"와.. 이제 방송에 나왔으니 국세청에서 세무조사 하겠군요.. 제산세와 종합소득세, 건강보험료 등등 엄청내시겠네요. 몇백억 대박이네요",1
374,5:07 세계 최초 성형외과 의사한테 고맙다고 하는 캐릭터 ㄷㄷ,1
375,모닝타는게 소원인 나로썬 이해할 수 없는 심리,1
376,5:05 문콕 따윈 신경쓰지도 않는다…,1
377,"이걸 조사한 진용진형도










자기가 잘생겼다고 생각하는것 아닌가?",1
378,소리 나는거 ㅈㄴ 꼴보기 싫고 촌스럽던데,1
379,주제가 이런데 어떻게 안들어와,1
380,샤워하고 물을 닦아내기 전 나는 최강이다,1
381,재벌은 겸손하네 카푸어는 무식하고,1
382,학창시절 돌이켜보면 제일 쓸데없는 짓이 수련회엿다,1
383,영끌해서 카푸어던가 집안이 ㅈㄴ 잘살던가,1
384,진용진 가난쇼 잘 봤습니다..,1
385,군인들은 군대에서 외모순위같은거 한번씩은 해봤을거임. 그 땐 다 빡빡이라 머리빨 그딴 거 없이 본판 그대로 판단하는데 거기서 잘생긴 애들은 진짜 가만있고 못생긴애들끼리 너보단 내가 낫다느니 하면서 존나 싸움 ㅋㅋㅋㅋㅋㅋㅋ.,1
386,인생은 자신감,1
387,돈이 없어도 너무 없네ㅋㅋㅋㅋㅋㅋ정신차려라  40대에 반지하 살기싫으면,1
388,"교관 : 팔벌려 높이뛰기 30회 마지막 구호는 붙이지 않는다 시작!
.
.
서른 !!!",1
389,잘볼께요~~~❤❤🥳🥳🤣😂😆😄🤩,1
390,중2 수련회때 가방 검사하다 술이랑 담배나온애들 꽤 있었는데 ㄱㅋ,1
391,카푸어든 재벌이든 관심읍다. 내 지인이나 친구도 아닌데 뭐하러 관심을 줘. 나만 열심히 살면 장땡,1
392,"5년전 수련회 생각난다.. 
내 나이 중1이었다 .. 
새벽에 친구들이랑 과자 먹다 바스락 소리때매 걸렸음. 교관이 개빡쳐가지고 .. 과자 미친듯이 더 가지고 와서 너네들 과자 이거 다 못먹으면 못잔다 이래서 진짜 울면서 입에 우겨넣었음 .. 그때 담임샘들 다 주무시고 있었고 교관들이 밤새 과자 강제로 먹임 .. 진짜 분위기가 안먹으면 때릴거 같았음. 그담날 샘들 아시고 결국에 학교 돌아갔을때 교관 높으신분이랑 그분이랑 사과하러 오심 ..",1
393,디시인사이드는 왜 거름..?,1
394,난 못생겼다는 말을 동생한태 밖에 못들어봤는데,1
395,내 불알친구 놈이 아버지가 성공한 벤처기업 사장이라 꽤 잘 사는데 걔 보면서 생각하는 게 진짜 돈 많은 애들은 오히려 티 안냄. 돈 많은 거 티 내봐야 주변에는 자기를 ATM으로 쓰려고 드는 새끼들 천지삐까리고 쓸데없이 말 나온다고. 게다가 돈 쓰는 데도 헤프지 않고 항상 조목조목 이유를 따져가면서 꼭 필요한 곳이 아니면 한 푼도 허투루 쓰지 않음. 유복한 집안일수록 어릴 때부터 교육을 받기 때문에 경제관념이 철저한 거 같음. 그래서 주변에 젊은데 외제차 끌고 다니거나 항상 명품 옷을 입고 다닌다? 근데 집안은 평범하다? 99.9%로 허세충임 걍 거르세요 이건 과학임,1
396,진짜 컨텐츠가 고갈되질 않네 ㄷㄷ,1
397,그냥 능력것 살자,1
398,금수저들이 저게 개웃김 ㅋㅋ 지들보다 더 잘나가는놈들이 많으니까 중산층이라고 소개함 ㅋㅋ,1
399,심즠ㅋㅋㅋㅋㅋㅋ 미쳤다,1
400,수련회 버스에서 터널 영화 틀어주는게 레전드였음,1
401,결론:아닙니다,1
402,돈많은 사람이 예의 없다는건 드라마 클리셰임. 있는집 자식일수록 교육더 시키고 잘키움,1
403,제주도 추울때 오신거 같은데 의상컨셉때문에 감기걸리겠네요,1
404,"그래서 p의 게임은 언 제나 오ㄴr요 ㄱ:ㅣ-ㅣ속 기다리는디.. p의 게임 올 라왔는지 보러 진용지인   
찾ㄱㅔ ㄷㅗㅣ는것같 음",1
405,"부동산업 하면서 느낀건데 일정자산 이상 있으면 차는 진짜 개취라고 봅니다. 100억 있어도 제네시스dh 타고 다니시는분도 계시고, 50억인데 43gt 4도어 타시는분도 있고,,, 여유가 있으니 차는 필요에 의해 구매하고 타시는것 같더라구요. 왜 좋은차 안 타시냐 물어보니 '저런건 언제든지 살수있잖아요...'",1
406,저같은 평균 이하는 어쩌죠,1
407,딜러분 목소리 개지린다 ㄹㅇ,1
408,아니 근데 나는 진짜 평균 이상임;;;,1
409,나만 중고차 딜러 분 이시언 닮음?,1
410,규율 좀 빡빡한 학교였는데 고1 입소  첫날에 담임선생님들이 반 바꿔서 검사 다 했었어요 ㅋㅋㅋㅋ,1
411,26살 300억  ㅡㅡㅋㅋㅋㅋ,1
412,와 중산층 벽이 롯데월드타워만 하네ㅋㅋㅋ 성공의 비결이 뭐냐고 물어보니 물려받은거 하나도 없다고 대답하는 외국만화 생각나네,1
413,품위유지비 ㅅㅂㅋㅋㅋㅋㅋㅋㅋㅋㅋㅋ,1
414,친구들보다 자신이 낫다고 생각하는 사람,1
415,"5:09에 진용진님 저 표정이 왠지'내가 포르쉐를 타보는 날이 오다니...'이런 표정 같네요
ㅋㅋㅋㅋㅋㅋㅋㅋㅋㅋㅋㅋㅋㅋㅋㅋㅋㅋㅋㅋㅋㅋㅋㅋㅋㅋㅋㅋㅋㅋㅋㅋㅋㅋㅋㅋㅋㅋㅋㅋㅋㅋㅋㅋㅋㅋㅋㅋ",1
416,아니 번화가에는 다 평균이상 존잘인싸들만 돌아댕기잖어ㅡㅡ 나같은 평균이하 찐따들한테 물어봐야지,1
417,의사쌤 병원의 간판을 위해 제한적인 툴이지만 엄청 진지하고 열심히 하신듯요 ㅋㅋㅋㅋㅋㅋ,1
418,11111111,1
419,이런거도 다 남혐프레임이지,1
420,중산층 ㅇㅈㄹ ㅋㅋ,1
421,ㅋ,1
422,ㅅㅂ 인터뷰한 사람들 다 괜찮게 생겼는데? 내가 진짜 평균이하다,1
423,"의사눈에는 저게 이뻐보인다고 생각하는구나…
완전 성괴얼굴같아서 개 싫은데ㅜ",1
424,"평균이하지만, 너보단 나아. 가 맞음.",1
425,26살ㄷㄷㄷㄷㄷㄷ,1
426,300억이 중산층에 기준인가?? ㄷ,1
427,탈세 문제 있는 사람도 있음,1
428,"역시 넷상으로는 찐 솔직하군ㅋㅋ
나도 평균이상이라고 생각함",1
429,전문가시니까 잘하시죠뭐 ㅎㅎ,1
430,결론: 스포츠카를 타는 사람들을 부러워하지말고 열심히 살자,1
431,평행세계의 주호민,1
432,"처음: 지금까지 본 학교중에 제일 안되는거같아!
끝: 지금까지 본 학교중에 최고입니다",1
433,디씨가 없네 이거,1
434,5:23 나는 뉴스봤는데..;,1
435,"카푸어 : 그냥  개 병신인생 
재벌 : 어느정도 생각있게 사는 사람
20대30대 차 있는 평범한 차 있는 20대 30대 차 있는 세대 다 허세임 저 연령대 차가 있을 수가 없음",1
436,"영상 제목은 ""스포츠카 타는 사람들"" 인데 카푸어 타는차는 심지어 스포츠카도 아님 ㅋㅋ
m3도 아닌 320d 구형에 배기튜닝... 본인은 카푸어가 아니라 하지만 제3자 누가봐도 카푸어",1
437,형 혹시 요즘 컨텐츠 힘드신가요?,1
438,"""객관성은 주관성이 없어야 이루어질 수 있다.""
- 나 -",1
439,요즘 시대는 시대인지라 학생인권 문제때문에 검사 못합니다..,1
440,부자들뿐이네,1
441,진용진 본인은 아땋게 생각히세요,1
442,아니 근데 의사선생님 피부 진짜 하얗다못해 거의 뱀파이어색깔..,1
443,0:41 인터뷰 하면서 에어팟 끼고있는 사람들은 진짜 음악을 들으면서 멀티태스킹 하고 있는건지 궁금합니다. feat. KCM 형님도 항상 끼고 계시던데 음악이 나오는건지 아니면 그냥 멋있을거라 생각해서 그냥 악세서리처럼 끼는건지 궁금합니다.,1
444,2:30 에 최고의 튜닝 강아지 두마리는 무슨튜닝이에요?,1
445,다른 커뮤는 언급하는데 왜 디씨는 언급안해주노,1
446,"진짜부유하면
얼굴안까지.",1
447,"카푸어라고 딱히 나쁘게 생각되진 않음
욕심없는 인간이 어딨나
밥만먹고 살 수 있는 인간은 없다",1
448,2500억 자산의 기업 승계할거면 그냥 상류층이라 해줘요. 부자가 자기 부자라 한다고 해서 사람들이 나쁘게 보지는 않아요,1
449,bmw 저게 무슨 스포츠카냐 똑바로 취재해라,1
450,도빅아ㅋㄱㅋㄱㄱㅋㄱㄱ,1
451,하청공장다니는 3살위 형님이 20대때 스포츠카 몰았었음.. 그런분들도 렌트해서 얼마든지 탈수있었다는것,1
452,2:44 와 역시 카푸어에 양아치 백까지 들었으면 주차는 이정도로 해줘야지....,1
453,제친구 24살 짜리 2억짜리 2대 끌고다니는데 집이 정말 부유합니다 적당히 잘사는 집은 그냥 E클 끌고 다녀요,1
454,재벌들 존나 부럽네 대학만 잘가면 자리도 물려받겠지 쩝,1
455,1:06 과연... 게임을 할 시간이 없는게 당연한거군...,1
456,진용진이나 영상에 나온분들 평균이상 맞음 그런데 진짜ㅋㅋㅋ진짜 별론데 키만크다고 자기 평균이상으로 생각하는 남자들 보면 말은 못하겠고 참 그럼..ㅋㅋㅋ,1
457,아니 저게 중산층이라고?ㅋㅋㅋ... 인생,1
458,"어렸을때 스포츠카 사고 타고다니면 제벌2세라서 막살는구나 인생 던지는 날라리구나 생각하게되고
중년에 나이에 은퇴하고 타면 정말 열심히 공부하고 일해서 성공하면 나머지 인생 저렇게 멋지게 살수있구나 존경하게됨",1
459,"""본 교관들은 여러분들의 행동에 따라 천사가 될 수 있고, 악마가 될 수도 있습니다.""",1
460,탈모가 너무 많이 진행됐대 ヲ ㅋ꙼̈ 𐨛 𐌅 ࠅ ヲ ㅋ꙼̈ 𐨛 𐌅 ࠅ ヲ ㅋ꙼̈ 𐨛 𐌅 ࠅ ヲ ㅋ꙼̈ 𐨛 𐌅 ࠅ ヲ ㅋ꙼̈ 𐨛 𐌅 ࠅ 아 ヲ ㅋ꙼̈ 𐨛 𐌅 ࠅ ヲ ㅋ꙼̈ 𐨛 𐌅 ࠅ ヲ ㅋ꙼̈ 𐨛 𐌅 ࠅ,1
461,중대장은 너희에게 실망했다,1
462,커스터마이징 게임을 성형외과 교육용 자료로도 활용하면 좋을듯,1
463,아 스카이림 바닐라에서 해야 진짠데ㅋㅋㅋㅋㅋㅋㅋㅋㅋㅋㅋㅋㅋㅋㅋㅋㅋㅋㅋ,1
464,5:08,1
465,말이나 생각은 평균 이하라고 생각하지만 거울을 볼때만은 평균이상.....,1
466,나이들면 간지가 안나는게 아니라 니들이 그냥 간지 자체가 없는거란다,1
467,"나는 솔직히 수련회 갔을때 애들이 너무 퍼지거나 행동제약 없이 행동하면 “여기 놀러왔어?”라고 하는게 이상하다고 판단 되진 않는데..
수련회는 말그대로 수련 그 자체임 . 규칙에 따라 행동하고 협동심을 키우는등 수련하려고 가는것이지 , 수학여행처럼 여행하면서 놀려고 가는곳이 아님 목적 자체가 다르잖아요
수련회를 그렇게 가기 싫으면 학습계획서 제출하고 가정학습하고 사인 받으면 되고요,,
그리고 선생님들은 술퍼마시고 논다? 그건 쌤들이 잘못하신거임 쌤들이 그런다고 우리도 놀아야지 이런 마인드 좀 ,,",1
468,근데 결혼만 안 한다 는 전제에 한 번 사는 거 저래 사는 거도 괜찮긴 해 ㅋㅋ 당장 내일 죽을 수도 있고 죽으면 끝인데,1
469,"""창문을 위해 자세를 내린다""",1
470,레인지로버 = 무쏘,1
471,"진짜 지금 생각하면 수련회 진짜 무식했던거 같음 팀워크 훈련이랍시고 하는 건 단체로 아무이유 없이 단체 쪼그려 뛰기 하고 그나마도 안 맞는다면서 인신공격 하고 ㅉㅉ
아니 한 학년에 450명 정도 였는데 이게 어찌 다 맞냐 ..",1
472,5:36 시계는 섭마 차 포르쉐 레인지로버 ㅈㄴ검소하네,1
473,"확실히 찐 재벌분이 2,500억 이러니까 신뢰가 확 간다...",1
474,방구석에 숨은 애들이 상당히 많아서 밖에 돌아다니는 사람들 대부분 평균이라 생각하면 됨,1
475,5:06 고마워요 허우진 선생님ㅋㅋㅋㅋㅋ,1
476,1,1
477,할부내다가 망하길,1
478,수련회는 그냥 교사들 휴가주고 학생들 군대 체험시키는 곳이지... 존나 노답인 곳,1
479,ㄷ,1
480,디젤차에 소리박달고 다니시네...,1
481,이게 되네 ㄷㄷ,1
482,"이 썸네일, 이 제목을 보고 안 들어올수가 없었다",1
483,나때는 막 짱구 틀어주고 그랬는데 요샌 뭐 넷플릭스를 보네 ;,1
484,재산 듣고 놀라고 차에 타고 놀라고 ㅋㅋ 용진님은 구독자 220만 상류층~,1
485,결국 사업해야 되네,1
486,근데 대부분 선생님들도 소지품검사 하시지 않나,1
487,4년쯤 전에 청소년 인솔자로 수련회 가본적이 있는데 인권침해여서 아무 가방도 검사 안합니다 가방여는 소리만 냅니다.,1
488,품위유지비 ㅋㅋㅋㅋㅋㅋㅋㅋ,1
489,남자도 남잔데 요즘은 여자들이 더 심한거 같은데,1
490,가위바위보 가 법적 효력이 있는지 궁금합니다.,1
491,모기는 어디까지 날라와서 들어올수있음?? 23층높이인데 창문으로 들어오더라,1
492,제주도 사는 재벌 2세 인생 재밌겠네 ㅋㅋㅋ,1
493,진용진 부처님 관상,1
494,진용진이  평균이라고 보면된다,1
495,와 미친.. cc없으면 저렇게 안될줄 알았는데 배포해주시면 안돼요? ㅋㅋㅋㅋㅋㅋ,1
496,소리내는게 아플까 소리 안내는 개 안 아플까,1
497,"직업 카푸어 ㅋㅋㅋㅋㅋㅋㅋㅋㅋㅋㅋ
카푸어 아니라는데 박제해놨네 ㅋㅋㅋㅋㅋ",1
498,요즘 세대임에도 불구하고 코로나 메르스 세월호로 수학여행을 다녀온지 오래..  넷플릭스 틀어주는지 약간 충격,1
499,난 난민층이구나..,1
500,성동일씨?,1
501,Gta도 가시죠,1
502,크크크크크,1
503,좋은차도 아니고 캠핑카 사고싶었는데 영어유치원이 월 백오십이라네ㅠ,1
504,평균 초과라고 생각합니다.,1
505,진용진님은 평균이하예요,1
506,스포츠카는 나이들어서 타야 진짜 존 멋인데....바보들....,1
507,?,1
508,"아니근데 만약에 모든 사람 대부분이 자기 얼굴이 평균 이하라고 생각하면 길거리에 나갔을 때 대부분의 사람이 씹창난 얼굴이어야 그게 가능한건데 막상 길거리 나와보면 웬만하면 다 준수하게 생겼단 말임... 그럼 사람들은 결론적으로 대부분 생각보다 평균 이상인게 맞다는 거지 모두가 평균 이하라 자신을 생각한다 하면 못생긴 사람들이 길거리에 넘쳐야 하니깐.
반대로 자기가 평균 이상이라 생각하는 사람들이 많다는 얘기는....음.......
평균치를 좀 높이셔야 할거같네요",1
509,와꾸만큼은 핵 폐기물이지만 사나이 꺼추 하나만큼은 세계 제일 쭉쭉 빵빵 탄탄하다고 자부할 수 있다!,1
510,나는 아니라고 생각하는데... 거울봐도 개존못으로 느껴지는데 내얼굴은 얼마나 큰일이 난걸까,1
511,사람들이 ㅈㄴ 오해하는데 수련회는 놀러 가는 거 아님ㅋㅋㅋㅋ 무슨 단합심 ㅇㅈㄹ 목적으로 간다는데 쨌든 놀러 가는 거 아님,1
512,"부자들   좀   만나 봤는데   진짜 부자는 티를 내지 않습니다   옷에  메이커도 안보이는거  입고 다님,,",1
513,"당신의  꼬추는 평균 이상인가?
80% 아닌것 같다.....................",1
514,"300억 중산층?ㅋㅋ
나는 난민층인가...ㅠ",1
515,진짜 존나 못생긴거 아니고 평범하게 생긴거면 보통 평균이상이라고 스스로 생각하지 않나,1
516,의사는 역시 아무나 하는게 아니네ㅋㅋㅋㅋㅋㅋ 미쳤다,1
517,수현회 교관 성동일 닮았어요ㅋㅋㅋ,1
518,최악이야! 는 군대 훈련소 고정멘트인줄 알았는데,1
519,"보여주기식도 어떻게 조리하느냐에 따라 다른데
여기 나온 카푸어라는 사람들은 잘못된 예",1
520,푸어들아 용진이형이 너네 보다 돈이없을까 ???,1
521,놀러왔는데 놀러왔냐고 물어보는곳,1
522,와이건 진짜 신박하닼ㅋㅋㅋㅋㅋㅋㅋㅋㅋㅋㅋㅋㅋㅋ,1
523,재벌이 돈 많이 쓰는 이유: 세금 때문,1
524,놀라는 척은  진용진도 사면사지,1
525,모기 혈액형 검사하면 뭐가 나올지 해주세요 요즘에도 모기 있나,1
526,30 초반 때 부터 스포츠카 탔는데 이제 내가 40이구나 ㅠㅠ,1
527,근데 진용진도 재벌에 버금가는 수익 볼듯,1
528,마지막분같이 살아봐야하는데,1
529,난 평균 이상이 맞는데.,1
530,오늘 기사나오더만 종부세 2%,1
531,은색 구형bmw 딱봐도 썩차인데 저게 멋있나,1
532,에펨코리아에 저 질문 올라오고 얼마안되서 운영자가 지움.ㅋㅋㅋㅋㅋ,1
533,주변에서 카푸어라고 알아보는 순간 동경의 눈빛에서 동정의 눈빛으로 바끰,1
534,ㅋㅋ 자산 300억... 순자산 물어봐야지,1
535,안들어올수없는 제목..,1
536,"제페토 같은 ㅈ같이 눈덩이만 큰 광고만보다가
저런 예쁜 얼굴보니까 개잘만든거같네 ㅋㅋ",1
537,4:37,1
538,부모들이 자산가여서 금수저올리는거지  안그려?,1
539,"어릴적부터 부모님이 수입차만 타셔서 저도 현재까지 수입차만 타는 사람인데 차를 좋아해서 예전에는 동호회 나가고 했는데 제 경험상 중고가격이 4~6천 정도의 중고 수입차를 타는 사람들은 대부분 벌이가 좋지 않은데 집은 빌라 원룸인데 허세 부리려고 하는 카푸어들이 많고 7천~1억 이상 소위 고가의 중고차를 타는 사람들은 불법적인 일을 하는 사람들이 대부분
1억~2억  이상 신차를 타는 사람들은 연봉 많이 받는 기업에서 일을 하거나 사업하는 사람들이 대부분 인거 같고 가끔 부자집 자제들도 있음요
마지막으로 광적 매니아들
올드카 나 3~7천 사이 중고차 3~5대 이상 소유하는 사람들 능력이 되는 카푸어?? 들이 있더라구요ㅋㅋㅋ",1
540,저분 주변에도 많다는거보면 재벌이 세상에 꽤 많은데 ㅈ도 평범한 우리집은 왜 8분위인가.. 국장내놔 장학재단 ㅆ련들아,1
541,오...오오...예쁘다..,1
542,"카푸어들은 보여주기식으로 그런 차를 탄다지만 시내를 다니다가 스포츠카의 특유엔진소리 굉음을 들으면 그냥 짜증만 납니다.... 아직도 스포츠카를 타고 시내를 달리는 것이 멋이라고 생각하는 어리석은 젊은이들에게 한마디하고 싶네요. ""진정한 멋이란 굳이 보여주지 않아도 평소에 말하는 방식과 사소한 행동들로 느껴지는 여유롭고 신사적인 분위기, 당신들이 생각하는 보여주기 식의 멋은 그냥 허세 가득한 껍데기일 뿐이고 누군가에게는 민폐가 되며 누군가에게는 꼴볼견이 되는것이다. 그리고 미래에 대한 걱정이 없고 노후대책이 확실히 보장된 인생이 진짜 멋있는 인생이다. 훗날 자식들에게 무엇을 물려줄것인지도 생각을 해봐라.""",1
543,돈이 최고,1
544,"중산층 - 2800억 +a
하위층 - ?",1
545,"그냥 살면서 너잘생겼다,저오빠잘생겼다,쟤잘생겼다,잘생겼어요 라는 말들을 여러번들었다면 이상인거고 그게아니라면 다 평균이나 평균이하가 맞는거라고 생각하는데 ㅎ",1
546,진짜 어떤 영상을 찍던지 보는 사람 입장에서 찝찝함이 전혀 안남게 완벽하게 만드시네 멋있다,1
547,이슈왕보고왔다,1
548,연애율이 떨어지는 이유 = 못생긴 남자들이 주제파악못하고 꾸미지도 않아서,1
549,2:04 진들갑 킹받네ㅋㅋ,1
550,.,1
551,제발 아닌사람들도 있으니까 모든사람이라고 하지말아주세요...ㅋㅋㅋㅋㅋㅋㅋㅋ,1
552,"스포츠가 타는사람들이라기보단ㅋㅋ
카푸어들은 무슨일하는가?이게 맞지",1
553,300억만 있어도 조금 아끼면서 쓰면 한평생 써도 남는 돈이네...ㅠㅠ,1
554,채널 카카오에 팔았다는 기사 무슨 기사임 ?,1
555,근데 남자는 평균쪽에 다 몰려있는 느낌이라 그렇게 생각할만 한거같음 ㅋㅋㅋㅋ ㅈㄴ 잘생기거나 ㅈㄴ 못생긴 사람이 보기 힘듬 다 비슷,1
556,"300억이 중산층이면 대한민국 국민 대부분은 저소득층, 극빈곤층이냐",1
557,"""Car Poor""",1
558,유사언론 인사이트에 민심 휘둘리는게 ㅈㄴ 웃기네 ㅋㅋㅋㅋㅋㅋ 기사를 읽어볼 생각들은 안하는듯,1
559,그냥 못생긴사람들이 자기방어력이 높아져서 그런것 아닐까?,1
560,전교생 10명 미만 학교 학생들은 다 받을듯 ㅋㅋ큐ㅠㅠ,1
561,"역시 다 보여주기식
부러울게 못됨.

부러워하는애들은 그냥 같은 부류인거로",1
562,3:31저흰 이걸 카푸어라 하기로 했습니다,1
563,300억이 중산층이었나요..?,1
564,이런거 누가 생각하는거야..ㅋㅋㅋㅋ,1
565,다들 잘생기셨는데 뭘,1
566,아니 솔직히 집에서 샤워하고 나오면 거울보면서 자기얼굴 이쁘다고 감상하잖아,1
567,ㅋㅋㅋ어제 수련회갔다왔는데ㅋㅋ,1
568,남고면 다 할듯ㅋㅋㅋ,1
569,중딜은 건너,1
570,미안합니다. 평균이하입니다.,1
571,중산층이 2500억 자산이야? 개 잡소리하네 ㅋㅋㅋ 적당히해라 부모잘만난게,1
572,카푸어 특징 : 중고 BMW 3시리즈 타고다니면서. 현기차 까고 다님.,1
573,부정교합 ㅅㅂㅋㅋㅋㅋㅋㅋㅋㅋㅋㅋㅋ,1
574,이 영상으로 수련회를 가는 학생들은 파티를 즐길 것입니다.,1
575,300억 ㅎㅎ,1
576,"카메라 들이대면 다 이하라고 말하지, 무기명으로 설문조사 하면 이상이라고 하지. 이게 대한민국 현실",1
577,진짜 잘하셨는딩...?,1
578,"고1때
수련회갔었는데
제 중요부위 만지면서 검사했었어요 …",1
579,항상 레크레이션 끝나면 여자는 먼저가고 남자들이 뒷정리하는게 국룰,1
580,"카푸어든 뭐든 자기 만족해서 타고 다니면 전혀 상관없습니다.

다만... 그걸 자기가 감당못해서 가족에게 피해를 주고 주변사람에게 돈 빌리고 갚지도 않고 배째라 하는 개쓰레기들이 문제죠",1
581,오,1
582,정직한놈들의 대표인데 왜 불법적인 일하는 사람들한테 차팔죠,1
583,수련회는 아니고 고등학교 1학년 수학여행때 전체 가방검사 한적은 있습니다,1
584,2:14 손 제스처 너무 중독된다,1
585,4:20 우린 그런걸 재벌이라고 하기로 했어요.,1
586,중산층 ㅇㅈㄹ ㅋㅋㅋㅋ,1
587,의사선생님 캐릭터 성형하는데 과몰입하신거 개웃기네ㅋㅎㅋㅋㅋㅋㅋㅋ,1
588,수련회 가고싶다......,1
589,그래 뭐 어차피 돈모와서 서울에 아파트 하나 못사는데 저렇게 사는것도 나쁘진 않다봄,1
590,이렇게 생각하는게 당연하지 평균이상은 엄청 낮은 기준임 수능으러치면 5등급 롤 티어로 치면 실버가 평균인데,1
591,원래 있는사람이 겸손함 깝치다가 잃을게 많거든 잃을꺼없는 사람이 노빠꾸임,1
592,어려서 돈 많이 벌어서 타면 문제 없음ㅇㅇ,1
593,여자들은 쌩얼이 자기 얼굴이라고 생각하는지 화장한 얼굴이 자기 얼굴이라고 생각하는지 궁금합니다,1
594,중산층이 되려면 2500억을 만든다 ... -메모,1
595,1,1
596,오유 ㅋㅋㅋ,1
597,직모 무엇 ㅋㅋㅋ,1
598,5:38 오와=오억 ㅋㅋ루삥뽕,1
599,5:09 웃는게 일류다,1
600,아니 이름이랑 성까지 같냐 ㅋㅋ 근데 사는 인생은 너무나 다르네,1
601,그냥 재벌이라고 답해주세요.. 아무리 주변에 ~기업 아들 이런 분들이 많아서 자신이 중산층으로 보인다고 해도.. 저정도가 중산층이면 난 흙수저가 아니라 수저가 없는 수준인데..,1
602,ㅋㅋㅋㅋㅋㅋ소견부터 심상치 않다 ㅋㅋㅋㅋ,1
603,남자는 자신감이라는 말때문에 생겨난 현상같음ㅋㅋ,1
604,이건 보자마자 들어올수밖에...;,1
605,선생님 제 얼굴도 교정해주세요,1
606,형 디시는 어디갔어ㅋㅋㅋ,1
607,염따는 평균 이하,1
608,경마장에서는 일함,1
609,용진이형 BMW 승하차 할때 웃길려고 하지마욬ㅋㅋㅋㅋㅋㅋㅋ,1
610,추해보이는구나…,1
611,중상층이.. 300억에 2500억.. 포르쉐911 랜지로버 이..야.. 그..래요,1
612,"남성이든 여성이든 모두가 서로 본인의 얼굴이 다 평균이상이라고 생각함. 근데 대부분의 남성들은 이걸 사실대로 표출하고 대부분의 여성들은 본심을 숨김.

예를들어 배리나, 오나미, 정주리, 옥동자, 오지헌 등등

이미 본인이 못났다고 생각하고 이목구비가 못난쪽에 속한걸로 유명한 사람들은 화장이나 패션에 관심이 그닥없고 꾸미지도않음.

근데 인스타충이나 똥꼬치마 급식들이 자기외모
못났다고 외모의 자신이 없다며 비판하고 속상해하는건 8할이 구라이고 정말 자기가 못생겼다고 생각하는 사람들은 애초에 시간과 돈을들여 옷과 얼굴과 패션에 투자를 하지않음.

그냥 여성이랑 동물이 남성이란 동물보다 남을
더 많이 인식해서 예의상 스스로 못났다고 하는경우가 태반이지 솔직히 다 거짓말임.

왜냐면 못생겼다고 설레발치는 이글을 읽는 
너포함 모든 청춘남녀들은 다 이쁘고 잘생겼거든",1
613,진용칠 삼촌 보고싶어요,1
614,ㅇ,1
615,방구석에선 차은우도 가능,1
616,"세월이 흐르니까 수학여행 버스에서도 넷플릭스를 볼 수가있네 ㅋㅋ 
라떼는 짱구영화나 애니메이션 비디오로 틀어줬는데... 세월 참",1
617,저걸 진지하겤ㅋㅋ,1
618,본 교관은 너희들에게 실망했다.,1
619,60대에 스포츠카 타도 간지날고같은데,1
620,��,1
621,젊을때 일해서 노후 준비 해야지 20대 부터 차에 매달려 있으면… ㅓㅜㅑ,1
622,1시간 ㅋㅋㅋㅋ역시 대단하다,1
623,200백으로 환장하긋네,1
624,디시에 올려야 평균이하라고 솔직하게 답하지.. 어디 이상한 사이트에 올리냐.,1
625,ㅋㅋㅋㅋㅋ,1
626,아무리 못 생겨도 헤어스타일 잘하고  옷 잘입고 꾸미면 기본적으로 내 자신이 평균이상이라고 생각할거 같은데....,1
627,수능 하루전 “최고의 선택”,1
628,"3:32 카푸어: 저는 카푸어라고 생각하지 않습니다
ㅋㅋㅋㅋㅋㅋㅋㅋ",1
629,카푸어 부럽다.. 난 그냥 푸어라..,1
630,댓글들이 웃기당,1
631,인생 패배자들 1베에는 왜 안올려,1
632,ㅋㅋㅋㅋ 기만 너무싫다,1
633,ㄹㅇ신박하네 ㅋㅋ,1
634,진용진 님도 좋은 차 타고 다니시죠?,1
635,"나이먹고 오픈카 타고 있는 아재입니다. 나이들면 간지가 안나서 젊을때 이런차 탄다고 하지만
나이들어도 배나오고 대머리 아재가 티코에서 내리는거보다 오픈카에서 내리는게 좀더 나은것 같습니다.",1
636,"팩트) 후회없이 살자는 외제차주는 모자이크 처리 부탁하고
찐 금수저는 모자이크없이 나왔다
ㅋㅋㅋㅋㅋㅋㅋㅋㅋㅋㅋㅋㅋㅋㅋㅋㅋㅋㅋㅋㅋㅋㅋㅋㅋㅋㅋㅋㅋㅋ",1
637,수련회는 사회악임 가서 철든다? 개소리고 성격만 더 ㅈ창됨 없어져야할곳임 지들이뭔데 선생도아니고 학생들한테 가오 허세질 지금생각하면 인권침해임 억지로 가라고하는 학교도 극혐임  밤에 안자고 누가 조금떠들었다고 단체로 벌세우는 ㅂㅅ들 실컷 쎈척하다가 마지막날에 착한척하는것도 역겨움,1
638,1:50 평균이상이건 이하건 여친있는 이사람이 제일 승자다,1
639,대다수가 카푸어라고 보면되는거군요.,1
640,자수성가와 졸부의 차이가 뭐지?,1
641,https://www.youtube.com/watch?v=BnX8vGk3Y40,1
642,음..걍 살고싶은대로 사는거지 욕할 필요가 있나,1
643,"재벌 카푸어를떠나서 있는사람하고 없는사람하고 차이가 확실히 나네요. 어투 차이 , 겸손한모습",1
644,원장님 제 부케도 커스터마이징 부탁드립니다 ㅜ ㅜ,1
645,1,1
646,이걸 보며 전 오늘도 검소히 열심히 잘 살고있다는걸 깨달았습니다.,1
647,평균이상이란건 없습니다 그냥 취향차이에여,1
648,재벌들 차도 보고싶다,1
649,선생님! 의사가 되려면 게임을 하면안되는거군요!!,1
650,"나 고딩때는 쌤들 10명 풀어서 30분동안 캐리어 다 뒤짐  포카리 병에 쏘주 냄새 다 맡고 수건속에 있는거 다 찾고ㅋㅋㅋ
한짝정도 나왔었는데 쌤들이 다 마셨다는 소문이 돌았었지",1
651,남자 모두가 평균이상이라고 생각하는건 바로 본인의 참백도지,1
652,"월 200 차유지비 60만원 카푸어아니다
재산 300억 그저 중산층이다... 허허....",1
