comment_origin,label
완전 그림이.비주얼이.. 동양 최고다..캬..여신.엘프.남신.ㄷㄷㄷㄷ. 장동건 진짜 조각이다.캬. 그리고. 내용몰입도 짱이다. 중간에 너무 잔인해서..짜증나서 뒤로 돌려봄... 너무 슬픔..ㅜㅜ.,1
하하.. 기발한 소재와 잘 짜여진 스토리는 보는내내 긴장속으로 몰아넣는다. 굿^^,1
적절한 무술과 위트의 조화. 폴리스 스토리로 만개하는 그의 준비단계!,1
"명작이라생각된다,.",1
장근석이 일본어를 못해서 장애인 역할을 했다는데..,1
"역시 제이슨 스타뎀다운 액션 말이 필요 있겠습니까.? ㅋㅋㅋ 그리고, 이번편도 전편의 여자처럼 주근깨가 더 장난이 아니네요. ㅋㅋㅋ 감독 혹시.? 주근깨 많은 여자 좋아하나.? ㅋㅋㅋ 개인적으로 트랜스포터 시리즈중에 제일 괜찮은듯.? ㅋㅋㅋ",1
명불허전 에드워드 노튼!,1
나도 저런 인연이 생기면 좋겠다...,1
여운남는 영화네여,1
"학창시절까지 올라가는 원죄의 탐구.. 근친 타부를 탐닉한 대가로 사랑이 파멸당해던 과거때문에, 오늘 하루 대충 수습하며 살던 오대수의 시공간을 지배해서라도 똑같이 느끼도록 복수하려는 우진의 엿듣는 귀를 잊을수 없다.. 대수의 혀만큼..",1
너무 사랑스런 커플~~솔직하면서두 유쾌하구 잼있다^^,1
굿,1
전주국제영화제에서 관람했는데..국내 본격적으로 상영한다니 기대되네요~,1
근작 사무라이 영화의 희극성과 떠돌이 설정은 요짐보의 각주,1
개봉관이 적어 힘들게 봤지만 너무나도 감동이었습니다.,1
학교에서 보여줬는데 집중 해서 봣는데 다시 마오쩌둥 OOO라고 생각한다,1
실소와 함께 따뜻한 미소를 지을수 있는 작품,1
역겨움과 유쾌함이 미묘하게 믹스되어 있는 비쥬얼영화,1
잘 봤어요 ^^ 기대이상ㅎ,1
허우 샤오시엔이 사랑을 바라보는 깊이와 무게. 역시 거장 ^.^,1
출연자들 이야기가 정말 재미있었던. 강호동의 재치있는 말이 정말 좋았던,1
굳!정말 좋은 드라마임~,1
잊고 있던 명작! 드디어 찾았다!!,1
이 만화는 진짜 최고 ㅎㅎ,1
내가 선택한것은 눈을 감고 느끼는 여름햇살의 붉고 뜨거운 기억,1
굿잡~!! 우리나라는 도대체 이런 드라마 언제쯤 나올지..,1
대한민국 리얼리티네..ㅋㅋ,1
난완전재밌게봄 ㅎㅎ이거첨본지 20년가까이되는거같은데 몇번을봐도 꿀잼,1
여운의 마음이 잘전해졌던 드라마... 결말이...그래도 보는 내내 행복했던 드라마...,1
여자들이여 돈많은 나이든 남자를 조심하라..,1
정치란게 뭔지 보여줌. 다만 결말이 풍선 바람빠지듯해서 9점.,1
우리 교회선생님 남편분이시자 교회장로님인 임흥세장로님! 10점도 아깝지 않습니다,1
숨겨진 명작~ 마지막 장면은 정말 대단~,1
한국 성도라면 꼭 봐야하는 영화. 많은 부끄러운 목사님들이 봤으면 하는 영화.,1
최고..,1
"진짜 신이 존재한다면, 저런 흉악한 짓을 하도록 내버려둘리가 없다. 아직도 이런 짓꺼리가 이 지구촌에 만연해있다는게 너무 경악스럽다.",1
"와전 감동했습니다...ㅜ,.ㅜ",1
오랜만에 나에게 큰감동을 안겨준영화 ....,1
너무 귀엽고 상큼한 영화 보는 내내 웃음이 끊이질 않았던..,1
이 영화를 통해 클래식이 많은 분들에게편안하게 다가갈수 있는 기회가 되길..너무 멋진연주 잘 들었어요..!!!눈물날뻔~^^;;,1
그래도 그녀는 눈부시게 아름답더군용..,1
어릴적동네비디오가게에서빌려보고아직가끔생각나는영화.혹시나검색해보니있네요^^,1
어렸을때는 정말 지루했는데 지금에서 다시 보니 정말 관점이 달라지네요,1
별로임.. 그래두 노출씬은 십점 만점에 십점!,1
극장에서 보고 집에서도 보고 다소 자극적일 만큼 사실적이고 강렬합니다.무간도보다 재밌게봤습니다.,1
평점 왤캐 낫지.. 단순 좀비 영화 나부랭이가 아닌 연기와 스토리 거기에 오스트까지 완벽한 명작,1
괜찬ㅅ금 추천,1
드라마너무재밌어용ㅋㅋㅋ,1
보는내내 질리는 구석이 단한군데도 없었고 보면 볼수록 재밌고 즐겁게 스릴넘치게 잘봤던것같고 이민기가 너무 귀엽고 매력넘친역할인듯해서 재밌게 잘봤다,1
마지막에 데이가 지은 표정을 잊을수가 없다.. 내인생 최고의영화ㅠㅠ,1
참 독특한 영화,1
충분히10점받을만한뎅;;;;막심하게재미없진않앗는뎅,1
90년대 영화에서만 느낄수 있었던 향기,1
지금 나의 이 부족함 삶을 다시 한번 생각하게 한다. 이 정도면 되는거 아닌가 하며,1
유치하면서도 재밌다 ㅋㅋㅋ 감동주는 장면도 식상하지만 빠져들더라... 임창정은 역시!!^^,1
세 주인공의 중복되는 상황과 그들의 사랑방식 등이 뒤로 갈수록 이해가 가더라구요,1
15년전의 모이라켈리..이쁘네여..^^;; 마지막 완전 감동..ㅠㅠ,1
"11日정복자1000pop3602 12日홍빵♥₂§슛§ 13日나쁜녀석들미췬개형사 오구탁(김상중)+일당백족팡매 박웅철(마동석)간지살인청부맨 정태수(조동혁)+기억안나 이정문(박해진)초중반까지 사실 더 재밌었습니다만, 즐거웠습니다 And..?시즌2 기다릴게요☆",1
믕지가 잇어서 내가잇는거임 ㅎㅎㅎ,1
벌써 몇번을 봤는지... 봐도봐도 집중하게 되느영화!!이런영화가 또 없다는게 슬프다ㅠㅜ,1
아놔...어쩔거야...ㅠㅠ,1
아무리 시간이 지나도 잊혀지지 않는 최고의 드라마,1
옛날에 재미있게봤었던영화,1
정말 당시 수준으론 잘만들었네용...ㅋ,1
나는 모든사람들이 코믹영화라고 본 이 영화를 슬픈영화로 봤다.,1
서동love!!! ㅋㅋㅋ 서동요 너무 재밌습니다,1
어쩌다 tv에서 하는 것을 보게 되었는데 나도 모르게 빠졌었다..,1
드라마보다 더 재미있는거같아요~최태성샘 이제 안나오시나요??친근하고 유쾌했는데 아쉽네요~,1
현대인은 두 가지 부류가 있다. 자판기 속의 노인과 인간 악어.,1
지금 결말 예측했다고 잘난척하시는 분들 많은데 솔직히 이 영화는 반전이 중요한 건 아닌 것 같네요. 충분히 재밌게 봤습니다.,1
두 주인공 연기 굳! 맥라이언은 아름답고.세월의 흐름이란..다시 십여년 후에 보면 어떤 느낌일지,1
정말 재미잇음!!!!!!!!강추!!!!!!!!!!!!!!,1
존나재밋네 몇번을봐도 개잼,1
재미 스릴 여운이 있는 영화,1
영화내용에 맞게 평가점수가 딱 적당해 점수좀 줘야겠군요..,1
간만에 긴장감 주는 좋은 영화다.,1
처음으로 평점주는 영화.. 막 울면서 봤네 꺼이꺼이,1
인생보단 완성도가 떨어졌지만 슬프고 상징성이 뛰어난 영화였다 공리의 카리스마,1
그 당시로서는 너무나 놀라운 패러디였다. 평점 왜 이렇게 낮아 10점준다,1
평점깍는놈들 잘봐라 저런것이 리얼 전쟁이다 막 서든처럼 존나 뛰어다니면서 개돌하는줄아나,1
저두 완전 잼나게 봣는데 여기빼곤 평점이 완전....,1
리플리 말만 들었어도 이 모든 사단은 일어나지 않았을 텐데,1
여주인공이 완전 예쁘고 아름답습니다 게다가 멋있기까지 합니다 여자가 예쁘면서 아름다우면서 동시에 멋있을 수가 없는데 카리스마가 끝내줍니다 의상도 가죽자켓과 가죽바지를 소화해냅니다 영화 스토리는 쓰레기지만 여주인공의 미모때문에 별점 십점 드리겠읍니다,1
초조해 하지 않으면...............언젠가 반드시 ~~,1
이외로 병맛이 좀 쌘영화임 2~30대한테도 좋을듯구글에서 돈주고 받고 옆에 모아둔 레고들 쳐다보게됨아... 레고로 도시만들고 싶다,1
진짜 재밌음,1
"프로젝트는 조금 무모해보였음 ㅋ ,, 수행과정에서 토론하고 맞춰과는 과정이 좋음.",1
조카랑 봤는데 조카가 무지 좋아하네요.. 시사때는 스티커도 준것 같은데 못받아서 아쉽네요.. ㅠ 그래도 전단에색칠공부있어서 조카땜에 뭉태기로 가져와 봤네요~ㅎ 착한 고모 노릇하기가 이렇게 힘들줄이야.. ㅋ,1
이영화는 요즘은 DVD로도 구할수가 없네요. 꼭 보고싶은데..,1
"내용은 당연히 지루한 면이 있었지만, 내안에 많은걸깨닫게한 영화?ㅋㅋ",1
굿,1
스토리도 탄탄하고 이윤성과 김영주검사의 심리싸움(?)도 정말 기대하게 만들어용♥ 김나나하고 이윤성 잘 어울려><,1
2004년 내 나이 아홉 지금은 20살다시보니깐 뭔가 아련하면서도 재밋다 ㅜㅜ그때이해못했던내용도 이제이해가고 ㅜㅜㅜㅡ왜뭔가슬프지..,1
난 좋았는데..다른사람들은 다르게생각하는구나,1
최고.. 녹화 떠놨던거 볼수있어서 정말 다행..,1
너무 재미있었어요~~!!,1
재밌습니다시간가는지몰랐네요,1
정말정말정말 명작입니다.ㅠ_ㅠ 우연히 봤는데 정말 빠져들었어요!,1
와 몰입감 쩌네요 ㄷㄷㄷㄷ,1
난 재밌던데..,1
초2때 대박이였지라ㅋㅋㅋ,1
"왕,너무 감동적이다. 기억에 평생 남을 것 같아요. ^^",1
니노미야카즈나리 외모에도 반하고 연기력에도 반하고 정말 최고,1
"이런 명작 서부영화는 앞으로도 절대 나오지 못할것이다.세명의 생생한 케릭터,연기력,스토리전개,거기에 위트까지. 마지막 결투씬과 결말은 정말 너무나 멋진 명장면이 아닐수 없고 마무리다.",1
한국말은 어색하지만 신선한영화,1
다음 혁신가를 기대하며,1
오늘 개봉하고 보고 왔는데 4명의 배우의 연기력이 ㅎㄷㄷ 합니다 오랜만에 스릴러 다운 영화 봤네요!,1
이제 영화관에서는 상영안하나요..?ㅠㅠ이제 영화관을 갈수있게됬는데ㅋㅋㅠㅜ,1
어린애가 그렇게 큰 회사를 경영한다는 게 너무 웃기지만 리치 배울 게 많은 캐릭터임,1
재미없으면 중간에 처 끄시지 말하고는ㅋ,1
진심 리뷰처음다는데ㅋㅋㅋ대박ㅋㅋ병원에서 여자환자연기보고 소오름ㅋㅋ오징어ㅋㅋㅋㅋ아대박굿굿꼭보셈두번보셈,1
샬롯 갱스부르 이뻐.,1
페르난다,1
중간에 그냥 꺼버리고 싶을 만큼 힘들었던 영화. 그러나 그럴 수 없었던 영화.,1
괜찮았는데.. 일본 원작도 보고싶다,1
로맨틱은 이런 것이다 ..라고 영화는 외치고 있다..진부하고 뻔한 내용이지만 초콜릿을 입에 물고 영화를 본 듯한 기분..아일랜드의 배경 그리고 시골 이웃집 할아버지나 두 주인공의 티격태격 하는 모습들..너무나 달콤하고 사랑스런 영화다,1
"처음 본 디즈니 영화 ,아주 훌륭하다",1
몇년전에 봣엇던건데..갑자기 기억나서 찾아봐야겟당 ㅡㅜㅜ토마스생스터♥,1
이정도 코믹이면꽤괜찮은편이다평점이 넘 낮네역시네이버평점은 믿을게 못돼,1
다들 10점 주길래 장난치는 줄 알았음....,1
다시 보고 싶어요! 진심으로...추억의 드라마~,1
왜 우리는 아직도 1950년대에 머물러있나...,1
이계인 주목,1
진심 최고의드리마! 주위에서 재밌다고 추천은 많이 받았는데 막상 끌리진않더라구요 그래서 안보다가 우연히 봤는데...이틀에 걸쳐 전편을 다봤네요 한마디로 최고입니다 시간되시면 꼭 보시라고 추천해드리고싶네요~^^,1
영화 불감증은 조금이나마 씻게 해준 수작,1
다른 공간에서 살아오던 그들이 같은 공간에서 서로를 바라봤을 때.,1
정말로 사랑스러운 영화...,1
너무재밌어요 강추,1
소재가 독특하며 재미났어요~~,1
짱이요,1
정말 재밌었다. 2차대전 얘기는 언제 꺼내도 슬프다.,1
해리포터는 진짜 최고의영화다 작가가 정말 대단하다,1
평점이 왤케 낮나? 정말 잼있는데 ㅋㅋ,1
여성의 외로움과 고달픔을 따뜻하게 위로하는 영화. 칸노 미호의 최고의 연기!!,1
"훌륭함....,,,,",1
이런 특별한 작품을만나게되어 너무기쁩니다 작가가누군지 너무궁금해요,1
나도 10대이고 비슷한상황이라서 그런지 너무 와닿았어.,1
"역사왜곡/고증문제는 논외로 치고, 최고의 정치사극이 아닐까 싶음. 정치에서 선악이란 없다, 정치판에서 영원한 적은 없다란 말을 가장 완벽하게 표현해낸 드라마인듯. 모든 사건의 중심이 각각의 정치세력이 추구하는 가치관의 대립이란것에 촛점을 맞춘 걸작~",1
지금봐도 너무 재밌는 영화에요. 기분좋아지는 영화~,1
"구로자와 아키라의 잘 알져지지 않은, 숨겨진 걸작.. 정체불명의 괴이하지만, 정의로운 주인공의 캐릭터가 살아있고, 그를 둘러싼 아홉명의 어리숙한 사무라이들도 코믹하게 잘 연출하였다. 무엇보다, 후반부, 동백꽃을 소재로한 긴장감이 일품이다.",1
짜임새있는 구성에 매력적인 케릭터. 추천.,1
돈주고 본것도 아니면서 쓰레기 영화니 최악이니 하는 사람들 정말 웃긴다ㅋㅋㅋ 불법으로 다운받아본거면 아무리 재미없어도 욕할 자격이 없지 꼴에 당당하네ㅋㅋㅋ,1
최고,1
"96년경 겨울경, 시간 때울 일 있어 처음 비디오방에 혼자 가서 아무생각없이 봤다가 넋나가서 나왔던 진짜 걸작~!!!",1
잔잔하지만 깊은 여운을 남긴 영화,1
보는내내 충격적이었어요마지막 결말은 정말 최고였습니다,1
음악도 좋고 연기도 뛰어나서 감동이었슴매,1
나도 이런 사랑 해보고 싶다,1
귀여운 미니언들 덕에 아이들과 신나게 웃었습니다.,1
"치밀한 시나리오, 배우들의 연기에 좋은 점수줍니다.다만 너무 복잡하여 이해하기 힘들긴 하네요",1
"오오,,,이런영화를원했다 주옥같은 대사, 진보적가치의 믿음, 의지, 그리고 관용",1
갖고 싶다 한하유 ~~~내 이상형 ㅎㅎ 잼나게 잘 봤어요 ㅎㅎ,1
최고의 드라마를 MBC가 죽였다.. 대상을 빼았긴 안재욱과 제작진이 불쌍할따름 MB개새,1
신발을 왜주고 난리야 눈에서 땀나게시리,1
대박! 로왓 애킨슨 짱!,1
"굿바이 로빈, you're always with me",1
"쉽지 않은 소재를 가지고 정말 잘 만든 드라마, HBO 특유의 19금 드라마지만, 드라마 자체만 보면 정말 좋음, 배우들 연기들도 모두 수준급임, 다만 HBO 드라마 특유의 욕과 보기 불편한 장면들이 있긴 하지만, 그래도 볼만함. 추천",1
큰 기대 안하고 봤는데 재밌습니다. 맷 데이먼 연기 잘하네요.,1
라디오스타 짱~!!,1
정말 완벽한 캐스팅이었다.. 훈훈함과 잔잔한 느낌도 좋고.. 엔딩곡도 참 좋았다,1
진짜 잼있게 봤었는데 태어나서 처음 본 사극...,1
내가 항상 어렸을때 가졌던 의문중 하나가 예수님 안믿으면 지옥간다고 하던데... 그럼 간디나 법정스님 같은 분들은 지옥갔나 물어보면 다들 지옥불 떨어졌다고 대답했다.그럼 예수는 자신을 안믿었다고 그들을 지옥으로 보낸 무서운 신이라 생각했었지,1
만점줘야되는거아닌가요?,1
저기요변한개주기도아까우시면보지마시던가요왜여기서악플을다세요?이상하면마음속에닫고사는거지왜꼭여기와서말하세요?그방송하는사람들은얼마나슬프겠어요?,1
오랜만에 보니 ㅋ 더 재밌네요 여기 나오는 드래곤 매력이 넘쳐요~ㅎ ㅎ재밌는 영화임~강추해요~ㅋ,1
황비홍은 이소룡영화와 더불어 액션계의 대 돌풍이자 전설이다.,1
너무너무좋아!!,1
새벽에 봤는데 이거 최고의 영화.. 짱!!,1
이게 왤케 평점이낮냐 허 참,1
평점을 높일 필요가 있다. 디카프리오의 연기만 본다한들 7점대의 평점은 아니다.,1
444야 깨져라깨져~~~,1
전 완젼 재밌게 기다리며 시청중이요^^,1
사회의 한 아픈곳을 매만지는데 아프지가 않고 느낌이 좋았다. 최우식의 연기도 좋았고 부족한 부분없이 잘 만든 작품이다.,1
푸하하하~ 코미디라는 장르에 아주 충실하군..,1
"모녀지간의 사랑을 느낄수있는., 마음 따듯해지는 영화..",1
숨겨진 명작 다시 감상했다. 이미지로 말하는 감독 이명세,1
재밋네요,1
깝치게나두셈 이런거 별1개주고 3류영화에 별5개주는 사람들이니 ㅋㅋㅋ,1
"볼만하네요, 좀 부실한 면이 없지 않아 있지만...",1
대사나 분위기나 연출이나 주연들의 연기..모두 하나 빠짐없이 흥미로웠습니다. 금융권이야기라서 어렵다고 생각할법하지만 전혀몰라도 상관없고 20대이상이라면 충분히 어느부분에서나 교훈을 얻어갈만만 내용이네요. 오랜만에 재밌게본 영화입니다,1
이게 한시간 반이였다니,1
어퓨굿맨 이후 가장 인상적인 법정 영화.아니 어퓨굿맨 그 이상 이었다.,1
꼭 끝까지 보십시오.. 좋습니다 Good!,1
"도전을 했고 그 도전이 좌절된 사람들이라면 대다수가 공감 가능한 다큐. 실패한 것에 대한 아쉬움은 남지만, 후회는 없다.",1
집중해서 재밌게 본 영화 !!!,1
개명작! 너무 재밌음. 독고영재씨 악역연기 끝내주네요 ㅋㅋㅋㅋ,1
별다섯개! 세번 봐야할 영화.,1
생각보다 재밌더라구요^^ 애들이 재밌어했어요 ㅋㅋㅋ덕분에 좋은 영화 보고 왔습니다!,1
^^,1
나름 볼만하고 스릴!,1
"원작을 안 읽어서인지 처음 기대한 건 유카와와 이시가미의 대결구도였다. 기대했던 건 적어서 조금 아쉬웠다. 하지만 이런 기대를 잊게 만드는 내용, 몰입도 그리고 연기력은 보는 내내 소름을 돋게 만들었다. 츠츠미 신이치의 팬이 될 것 같다.",1
개꿀잼이다. 원래 극장판이란 극장판은 집컴으로 다 보고가는데도 이건 재밌다. 다시봐도 재밌음. 또보라고 하면 또봐도 됨. 볼때마다 흥미진진하고 마지막에 유명한이 추리하는 장면 진짜 잘나옴.,1
생각보다는 평점이 낮네...,1
마지막에 반전이 있었다면 엽기작이 될수도..,1
용기를 지닌 영화.,1
난재밋게봤는뎅.... 봉태규씨좋아용,1
왜 당시 정말 짱인 영화였다 !!!,1
재밌어요,1
시대를 아우르는 여자의 감정선이 돋보이는 걸작,1
내년빅쇼는진짜뛰어야지 이거보니뛰고싶은마음이더후끈후끈 딱한번만더땡기고가 ㅇ ㅘ!,1
재밌어요~ 추천!!,1
인종차별에 대한 또다른 보고서,1
포레스트검프만큼좋아하는영화,1
정말 작품성 있으면서 재밌는 영화 오랜만에 보게 되었습니다.감사합니다.,1
최고의 영화다 정말 마지막에 가슴을 울리네....와 ....,1
말이 필요없는 드라마...모든걸 다 갖춘 드라마..한마디로 퍼펙트한 드라마..,1
가족들이 보기에도 감동도 있었고 신났다아~,1
난 1못지않게 2도 재밌게봤던거 같은데..,1
나도 감정이 없어지는 약 먹고 싶네...,1
고전적 잔인 코믹 명작 영화,1
지금이라서 나인을 봐서 다행이에요. ㅠㅠ 나중에 다시 정주행할게요 ㅠㅠ! 작가님천재신거같아요 ㅠㅠ,1
셋이같이보다둘은울었더랬지. 스토리자체보다 대사와영상과음악이 눈물샘을자극한작품,1
스릴쩔어 개잼있음,1
아 정말 재미있어요 영화 내내 계속 웃었어요~^^,1
독도를 사랑하자,1
청춘의 사랑과 방황 그리고... 선택,1
댓글 보고 도전~ 영화가 시작하고 뭐 이딴 상 쓰레기중에 쓰레기 영화가 있나 했는데....이럴수가 나름 대만족했슴 ~ 진짜 이거 리메이크됬음 좋겠다,1
"""우리애기첫영화 너무너무 잘선택한거같아요""""""""ㅎ굳""",1
학교 동아리 시간에 선생님께서 이 영화를 보여주셨는데 그 날 머리속에 OST가 계속 생각나서 미치는 줄 알았어요 그래서 지금까지 몇달 동안 계속 흥얼거리는 중입니다~ 제가 들은 OST중에 최고인듯해요. 진심으로요,1
나는 희망한다. 나의 꿈을... 영화는 나에게 알게해줬다! 나의 마음속에 담겨져 있는 나의 마음을...,1
가슴이 먹먹해서 어쩔 바를 모르겠습니다. 많은 사람들이 보고 궁금해하고 이야기되었으면 좋겠습니다.,1
"홍림과 공민왕의 사랑, 노국공주와의 사랑이 너무 아름다운 영화였습니다",1
개웃김ㅋㅋㅋㅋㅋㅋㅋㅋㅋㅋ이렇게 빵터뜨린적 드물데 정말 진심 재밌음 챔피언ㅋㅋㅋㅋ아놔 정콤비짱!!♥,1
코믹하고 슬프고 감동있고 이준의 연기에 몰입하고 빠져들었어요 말 그대로 하균신 역시 기대를저버리지않네요 장나라와 박예진도 짱짱이고요 완벽한드라마네요 이준 신하균은 상 받았으면좋겠네요 한회도 빠뜨리지 않고 본방사수중이에요 진짜 빠져들어요 이준화이팅♥♥♥,1
사랑은 그런거다... 예외없이 ... 느껴본자는 알겠지.. 이영화의 가치를...,1
"완전재밌구만,,,유역비이쁨",1
헐리웃 블록버스터보다 유쾌하고 통괘하고 심오 오랜만에 너무진지하게 영화봣음.,1
정말흥미진진긴장감이넘쳐요 뿌나는 보다 말았는데 이런류의드라마는오래보기지루해서..근데캐스팅이한목한듯 이제훈 한석규 김유정 박은빈 권해효 이원종 김창완 박효주 김민종 서준영 장현성 최원영!!완전격하게아끼는연기신들만나오니그재미가두배인듯해요♥,1
뜨든뜨든뜨든뜨든 ;;,1
일본배우가 주연인게 싫다고 징징대지좀마라 아주 지겹네 반일국뽕놈들,1
어렸을때 봤떤 작품으로 아직도 남네요 평점 낮은사람들은 그시절 영화를 안봐서 ㅉㅉ,1
정말 여운이 긴~~ 영화~! 강추~!,1
최고의 엔딩씬,1
명작!,1
러브레터란 제목의 영화는 다 괜챦구나...이것도 좋아요~~,1
완전 유치찬란하기 짝이 없지만 웃기긴 하네유. 해피엔딩이긴 하네유. 오지명 감독이네유. ㅎㅎ,1
"배우들의 뛰어난 연기와 현실감있는 내용이 몰입도를 높이고, 세밀하고 짜임새있는 구성과 연출이 돋보인다. 이 정도 영화면 할리우드 영화 부럽지 않을 법한데, 평점이 낮은게 이상할 정도.",1
모든걸 내려 놓으라고 말해주는 영화다.,1
"단두대로 뭍히기 전에 알랭들롱 눈 질끈감는다, 얼굴만 잘생긴게 아니라 연기도 섬세해서 놀랬다",1
ksgome님 저도 간만에 보고 주인공 니콜라스케이지라고 생각했음ㅋ지금 생각해보니 얼굴 다른데ㅋㅋ중학교 다닐때 보고 진자 올만에 보네요ㅎ,1
최근에 본 영화중 최고다...행복하지만 긴 여운이 남는다,1
너부리 최고야...때려줄꺼야...,1
이 영화는 진지빨면서 보면 안된다. 생각없이 걍 흘러가는대로 멍하니 보면 꽤 재미가 쏠쏠함~ 마지막즈음 귀신이 여주의 말빨에 밀려서 빡치고 뭐에 맞아서 아파할때 완전 웃겼음ㅋㅋㅋ,1
단순함에서 오는 쾌감의 정점,1
재미뜸,1
한일 젊은이들의 짧은 만남.. 그러나 긴 여운이 남는 영화...,1
최고의 코미디!!,1
배우들이 하나같이 다 매력적인 영화,1
진짜 최고영화 몇십번도 더본영화에요 최고입니다,1
메리포핀스.. 정말 좋아하는 영화다. 나의 추억을 떠올리게 만드는 가슴 따뜻하고 뭉클한 영화다.,1
한마디로 굿,1
괜찮게 봣엇는데 ; 왜 재미없다고 그러는지,1
"""제목 바꾸고 개봉했네!? """"신이맺어준커플"""" 진짜 잼있음...""",1
골디 혼의 옛 모습..,1
5공시절 어린나이에 충격적으로 본 작품..,1
첸카이커 감독이 이보다 더 한 영화를 만들 수 있을까? 정말 데이역할의 장국영 연기는 최고를 넘어서 환상적이다.마지막 장면의 장국영 눈빛은 잊혀지지가 않는다...,1
홍상수의 냄새가...거기 오윤홍까지...쓸쓸하게 만드는 영화,1
최고 완전재미 10번봅니다,1
울고 싶지만 웃는 남자ㅠㅠ 재밌게 잘 본 영화,1
한번더보고싶은영화 너무좋음,1
25년이 지난 지금 이 명작을 이제야 보다니!!! 지금 봐도 전혀 촌스럽지 않은 한국 액션영화계의 교과서!!! 최고로 잘 만들었다!!!,1
20살때 이영화보고 23살인현재까지 매주한번씩은보게되는영화.이영화는볼때마다새롭다,1
오스트레일리아인이 오스트레일리아에서 찍은 오스트리일리아영화 오스트레일리아 너무 달달하고 좋다ㅠㅠㅠㅠㅠㅠㅠㅠㅠㅠ휴잭맨ㅠㅠㅠㅠ,1
내생애제일슬프고많이울었던것같다. 그냥울고싶어서슬픈영화를검색하니 세상에서가장아름다운이별이1위여서보게되었는데 진심 너무울엇다 두루마리휴지반을쓰고코가막혀서 몇번을풀었는지모르겠다.가족한테엄마한테잘해야겠다.그리고모두건강하자,1
사회적 사각지대에서 성공하기까지의 모습이 감동적임,1
1점주는 OOO들은 흰둥이똥구멍이나 핧으라지. 쓰레기들..,1
CGV 사이트에서는 별점 참가자 7500명 쯤인데 평점이 7.5임...역시 네이버 영화 평점 못 믿겠다....난 재밋게 봤습니다.,1
결말이 인상적이다. 고수 수난시대,1
방금 TV로 보게 되었는대.. ost가 너무 좋네요.. 영화도 아름답구요,1
10점 받아도 되는 영환데 ? 내가 본 SF중에 제일 멋있다.. 재밌어. 그리고 나는 오늘부로 나무를 분양받으러 ~ ♬,1
80년대 로맨틱 코미디.,1
역시 훌륭한 선택. 정말 최고로 로맨틱한 영화,1
로버트 드니로 야구방망이로 부하죽일때 ㄷㄷㄷ,1
오랫만에 진짜 잘만든 영화 한편 본듯. 그냥 고민하지말고 봐도 되는 영화,1
다시보게 되는 영화,1
등장인물도 스토리도 너무너무 재미있고 좋아요 본방사수는못해도 주말에재방볼때 정말너무행복해요 유일하게 챙겨보는 프로그램임ㅠㅠ힐링되요진짜... 아직 70회정도 더남았다는것도 너무행복해요 안보신분들 꼭!!! 보시길바랍니다 진짜 사랑해요감자별♥ 화이팅!!,1
참좋다 그당시에 사랑관에 대한 희극적인 표현으로 무척 잘살린 내용이어서~그 당시엔 획기적인 연출기법이라 생각하고 봤던 기억이 나네~,1
짱짱 진짜멋잇어요,1
아주 어릴때 봤을땐 오묘한 기분이 들고 완벽히 이해는 안됬지만 재밌게 느꼈고 좀 커서 다시보니까 완전감동 ㅜㅜㅜ,1
재밌겠다능,1
"18살에 볼때 다르고, 22살에 볼때 다르고, 24살에 볼때 다르더이다. 괜찮은 영화",1
완전 대박이고 새로운사도 그리고 2탄 나왔으면 하는바람이..,1
폴리스스토리 시리즈는 1부터 뉴까지 버릴께 하나도 없음.. 최고.,1
이영화에 호불호가 이렇게 갈리나..?난 잼있게 봤는데 ㅠㅠ,1
재미있네,1
개잼 있어 꼭보사기를.,1
74년 이런생각을...40년전이다...모든 요소가 혼합되어 공포를 만든다...,1
"영화보는내내 역시 팀버튼스타일은 확고하구나란 생각^^ 전형적인 미국식결말이 아닌 엔딩도 좋았고 ㅎㅎ 이젠 장인의 반열이네, 대단한 감각",1
이효리 최고♥♥♥♥♥,1
김재중의 연기 변신이 기대되는 작품... 근데 재미는 없어요,1
우리는 무한하다. 나의 한계를 없애는 마법,1
가슴에남는 영화 입니다.,1
최고의 영화와 OST...휘트니를 추모하며..,1
언뜻 GTA가 생각났삼...,1
괴팍한 할머니가 너무 재미있네요!! 웃겨요!! 웃을일 없는분들 보세요~~,1
월요일이 항상 기다려졌는데 끝난다니 너무 아쉽네요50부작인데 지루한적이 단 한번도 없었네요,1
솔직히 이 영화는 레전드 대접을 받아야 한다,1
거침없이 하이킥 다시 보고 싶어용ㅠㅠ 다시 하면 안돼깡영♡♡♡,1
여운 남는 영화..,1
그냥 좋다 아무 이유없이 좋다 그냥 눈물이 난다,1
지진희 지성 김소연 배우들 연기력이 아까울 뿐이다 ~ 무슨 연극보는 기분 ㅋ,0
여러모로 아저씨의 원빈 벤치마킹 하려고 용은 썼으나 명연기는 우습고 캐릭터만 남는다. 동남아스런 악녀는 미스 캐스팅. 일본영화의 특징인 원작의 힘을 빌어 소재의 특이성으로 초반 시선은 끌지만 후반까지 흥미를 이어가질 못하는건 여전하다,0
질 나쁜 드라마,0
참나 ㅋㅋㅋ 어이가 없어서 웃는다 ㅋㅋㅋㅋ,0
뭔가좀그렇다ㅡㅡ 보다가중간에껐다,0
재미없어,0
소설을 읽고 봐서 그런지 정말 실망이 크네요.,0
"군인들은 죄다 바보고, 군사시설은 구식에다가, 외계인은 소년물 SF수준.. 이게뭐야",0
평점 2점대인 드라마는 처음본다;; 얼마나 재미없길래;;,0
"정말 재미없다. 흉내만 내다 만 영화. 발연기 조인성과 송지효 때문에 끝까지 참고 보기 힘들었다. 조인성씨 연기 연습좀 하세요. 그렇게 섹시하지 않은 베드신은 내 생애 처음이다. 주진모의 연기만 훌륭. 연출,대본 다 허접하다.",0
솔직히 1점 주기도 그렇다 ㅋㅋㅋ 너무 졸립기만 해 ㅋㅋ,0
무게잡음 이토히로부미등장,0
돈 주고 보는 개콘. 개콘보다 못 해.,0
별 것도 아닌 거 가지고 흥분한 자의 최후..,0
만든제작진을 배려해서 2점준다 레알 더빙OOO기 볼꺼면 영어음성으로보삼ㅅㅂ,0
그림만 이쁜 영화내용은 정말 엉망임,0
레전드 오브 잉여라고 할수있지^^ 이게 좀비영화라고 하는거 자체가 잉여고 ^^^,0
포스터 클라스 최소 복고풍.. 하드 뒤지러 갑니다.,0
"영화보는 내내, 실제 상황처럼 찍으려고 한 건. 이해가겠는데 그 상황에서 캠코더도 꺼졌다가 지직 거리다가 뭐 제대로 찍지도 않아서 중간중간 꾸벅꾸벅 졸았다.. 뭔 내용인지",0
아....제작비는 많이 들어간것 같지만....,0
개그맨 박승대가 감독?..ㅋㅋ 정웅인 뭐하는거니?,0
"저런 남자주인공 캐릭터,내가 제일 싫어하는 인간유형이다...",0
너무나 착실한 가족용 호러물 .,0
실수로 배가 떠날때 영화도 끄시면 되겠습니다.,0
이야기의 큰 스토리가 없는것 같군요,0
시도는 좋았으나 완전하지 못해 유치하기만....,0
시간이 넘쳐서 흘르고 또 흐른다면 봐도 좋다,0
"그나마 있을법한 소재였던 1편과는 달리, 2편은 억지웃음을 유발시키기 위한 과장 그 자체. 영화 한편 만들기가 참 쉽다.",0
내가 1점주면 원주율 이다 ㅎㅎ,0
"깜찍하고 귀여운 엄지왕자,사악한 마녀로부터 마을을 지켜라",0
"이게뭐냐,,영화받아서봤는데 드럽게 재미없음 진짜허무하게시작해서허무하게끝남",0
ㅋㅋㅋ아 생각난다. 이 영화 내가 영화관에서 봤었지.... 중간에 나오고 싶어 죽는 줄 알았던 영화는 이게 처음이였지,0
재밌냐..,0
"여기 평점보고 낚였네 ㅅㅂ ㅋㅋㅋ 전우애, 액션, 현실감 원하면 액트 오브 밸러를 봐라. 탈레반들은 OO이냐? 일렬횡대로 총 다 맞아주고ㅋㅋㅋ특수부대원들이 탁트인 개활지에서 포메이션 바꿔가면서 탈레반 인해전술 격퇴하는거보고 뿜었다 진짜 ㅋㅋㅋㅋ",0
한 사이코의 얘기. 지루한 미스테리. 끝까지 보려면 큰 인내심을 요함.,0
귀신의 게란눈 재일 웃겼어요. 극장가서 보세요~~,0
너무 뻔한 내용,0
북극은 절대로 지켜지지않을거에요,0
..억지감동 3류쓰레기영화 시간아까웠음,0
언제까지 버틸셈이야?? 진짜 신기하다 ㅎㄷㄷ,0
"이건 뭐야,책이 낫다... 이거 보지마셈",0
파코 플라자의 무능력함을 드러낸 코미디 스릴러.,0
"평점이 높은 이유는? 지금 오씨엔시리즈에서 하고있는데, 진짜 재미없다.",0
야만인의 골목대장질.,0
타는 자동차. 내용 끝.,0
비긴어게인 보구 24시간내에 이거 봣음.. 비교대서 정말 개짜증나눈거엿음 위안이라도 대지.. 비긴 안보구봣어듀 연기 노래 음악 배우 다 겟더훡! 가족보여쥬고 나만 끝나기 십분전 못참거 기어나옴 . 객관적 평!!,0
벽걸이 변기가 인상적이여서 1점,0
이딴만화 그만좀 만들지;; 재su없게;; 만화로 보면 되지,0
정말 별로인영화 19금인데 잔인하지도 야하지도 않은영화,0
흔한 스토리.... 액션도 없다. 아쉬운 영화....킬링타임용으로 추천,0
3류 에로영화 어설프게 작가주의 영화 흉내내다.,0
역대급 노잼..딱 5점대가 맞을듯,0
김태희 화내는데 발음이 웅얼웅얼 몰입도 안되고 내용도 별로고,0
차마 코미디라고 부르지도 못할 고루한 히치콕차용극...,0
영화 핵노잼 감독의 연출력이 의심스러움,0
허전한 영화...,0
한국영화를 죽이고자 사명뛴 작품.,0
뻔하디 뻔할 수 있는 전형적인 멜로&로맨스 스토리의 영화같다. 멜로는 중간중간 배우들 간의 이어지는 분위기와 감정이 중요한데 이 영화는 그러한 점을 살리지 못하고 얼렁뚱땅 넘어간 느낌이 많이 난다.,0
쓰레기,0
이거 2008년에 개봉했던 지구가 멈추는 날보다 더 심하다 ㅡㅡ;,0
호불호가 뚜렷한 영화인듯... 신비로운 느낌이 나긴 하지만 솔직히 이해가 안 됨...해파리 나오고 중간중간 이상한 그림나오고...개인적으로 이런 영화 안 좋아하는 탓도 있지만 별로 추천하고 싶지는 않음,0
열라 재미없네,0
뭐이런영화가...,0
3류급 티를 내서 만든 영화,0
아무것도 없는 영화군요.,0
뭐이리 평점이 높아....잼없네 그려,0
차라리 요가 비디오를 보는게 더 재밌겠네;,0
이 드라마를 쓴 사람도 작가인가?,0
다문화 권장 쓰레기 영화,0
그래서 결론이 뭔데? 인간의 영혼을 유기물로 만들어 물에 타먹자? 설명은 부족하고 원초적인 이해도 불가능하다.,0
클라라볼라고화신본거아닌데,0
뭐야 영화전개가 부자연스럽고 반전이 그냥 허무함,0
기분이 진짜 안좋아지는 영화. 괜히 봤다.,0
와시~와싱와호와~두싱~ 두싱와호와 ~ 뒷브금 생각안난다,0
성지순례하러 왔습니다,0
이 영화를 이제서야 보게됬는데 상당히 실망이 크네요.좀더 몽환적인걸 기대했는데 꿈속이랑 현실이랑 너무 비슷함. 또 세트장을 실제로 돌렸다길레 대단한건가 했더니 호텔복도 돌아가는거였음.그리고 회사 망하게 하려고 목숨걸고 꿈속으로 들어간다는것도 이상함.,0
우오아안봤지만이상할듯,0
산만함.컨벤션.물론 보는지점은 여전히 좋다,0
개봉도 안한 영화에 평점10점준 알바가 얄미운 1人,0
좋은 소재지만 연출이 ㅈ망이네,0
도대체 왜 이영화가 재미있다그래요?진짜당황하고재미없어요.,0
여고괴담? 여고시절!,0
왜 이렇게 지루해..스토리라인이 너무 밑밑한거 아니야..,0
이런 영화 너무 많다,0
하나경 혼자서만 고생했는데도 별로인 영화,0
하하하하... 시X.....,0
이거 빵점 없냐?,0
보는 것 자체가 시간낭비일 수 있는 영화. 나와는 안 맞는 소재와 장르,0
이영화는 쓰레기이다.,0
이 영화보다 포토샵 동영상강의가 더 흥미로울 정도였다.,0
드럽게 재미없네,0
거창했지만.. 어슬프다..가끔 상황도 이해가 안된다..폼만잡았다,0
평수낮아도 볼꺼자나 그러치?,0
영화봤어요... 그래픽 잘좀하던가 스토리 잘 만들던가 디테일도 없고 재미도 드럽게없음.. ㅡㅡ 시간이 아까운건 오랜만인듯 하네요...,0
일한씨소설옛날에하이텔에서정말잼있게읽었는데진짜영화는존나재미없네!,0
할말없다.,0
소재는 괜찮았는데 막상 뚜껑을 열어보니....노답!,0
뭘 말하고 싶은건가! 갓뎀쉣무비! 똥 밟고 싶다면 봐!,0
정말이지 배우들 대사 한마디 한마디에 닭살 돋는다 대사가 왜 이렇게 쓰레기임? 작가님은 차라리 소설을 쓰세요 대본작가 말고,0
"할말을 잃음,, 래원씨 좋은 영화에만 나와줘요",0
유치해 너무 재미없어...,0
남들 다 재미없다는 영화도 혼자 재밌게 볼 수 있었던 내가1시간 동안 보고 시간낭비라며 마지막 30분을 포기한 영화.,0
아름다운 첫걸음 .. 과정없이 자라는 나무는 없어요~,0
알바가 왜이리 많은거지?,0
..,0
쓰레기쓰레기쓰레기쓰레기,0
생각보다 넘 짧았어요.,0
너무하네. 이것도 영화니?,0
밋밋하고한결같은표정의 이종석씨 땜에많이아쉬웟음 웃기는포인트도찿을수없던...,0
공포는 있지만 줄거리는 그닥,0
역시 픽사가 스토리에 손을 대야 감동과 재미가 있음 간만에 디지니 3D 애니 좋았다.,0
전작 에서 한참 퇴보한 감독..,0
가슴 따뜻해지는 명작..,0
한태상이 주인공이 아니라 서미도가 주인공인 드라마..제목도 남자가사랑할때가 아니라..남자를 이용할때가 맞는 드라마..최악의 쓰레기 드라마..,0
최악의 영화 보지마세요,0
반전 영화 좋아하지만 이 영화는 최악이다.. 지루하고.. 뭐하나 재미있는 구석이 하나도 없다..,0
우와 우와 우와 정말 대작인가?,0
"솔직히 에바 가 죽임당한거 왜잘못됬다는건지 모르겠음.엄연히백회장은 유부남이고 에바는 하녀였는데 몰래 그집에서 섹파티열고,기만하고.죽을만한건데 무슨 재벌잘못했다는식으로..감독은 가낸뱅이에 불륜을 옹호하는 사람같음",0
쓰레기,0
싸이코 된장녀 중매쟁이의 결혼이야기.,0
작가년 죄를물어 구속시켜야한다은희수 보다 더 죄가 크다 시청자를 기만한 작가는 구속해라 이런 개 허접 쓰레기,0
평점높아서 봤는데 진심 개노잼지루하고 뻔한스토리에 결말도 너무 뻔했고그냥 다큐수준 다큐도 이보단 재밌을듯감동도없고 의미도없고 주인공도 암 걍 노답 보지마세요,0
내 인생 최악의 영화 부동의 원탑2222,0
긴장감은 없고 전개는 부자연스럽다,0
고양이가 왕국을 말아먹는 영화 . 멍청이를 공주랑 결혼시키면 나라 망함,0
극장판 편집한사람은 이직시 이력서에 경력 빼야할 듯. 경력에 넣었다간 바로 낙방,0
"관객을조롱하는영화,정말기분나빳다.",0
스틸컷에 술상에 있는 그릇봐 식당에서주는 플라스틱 앞접시가 있네 조선시대에 플라스틱 ㅋㅋ,0
"국민학교때 보던 새마을운동 수준의 영화 30년쯤전에 은퇴했어야 할 감독님의 노욕이 빚은 비극,,그나마 똥례 연기에 별 세개 투척하고 감",0
존나재미없엇다 ㅋㅋㅋ,0
모호한 장르! 갱스터 액션 무비? 그러기엔 너무 나른한 분위기...,0
무서운거 잘 못보는 나도 별로 무섭지 않았다 ㅎ,0
the most of learned people know that the english are like that ...,0
"스스로의 선물을 갈취해 가는 잔혹한 약탈자, 신터클라스 무찌르기.",0
진심 노잼 .나 무서운거 못보는데 이거는 그냥 새벽에 혼자 불끄고 봤는데도 뭐지했다.,0
역사의기록인지 왜곡인지 픽션으로만들던가 역사를토데로 픽션을만들려면 재미라도있던지 머하자는건지모르겠고 중심이공주인지 연개소문인지도모르겠고 OO같은 드라마인거같습니다 시놉안보고 시청자우롱하는드라마인건 확실하다는 느낌,0
아무리 드라마지만 현실성제로 내가 부모라도 더많은 이유로 반대는 당연한거고 그렇게 언니를 사랑했고 힘들어했다면서 언니와의 추억이 동생과 오버랩이 안되는게 말이되냐 미친드라마? 윤세나 엄마가알면 기가찰 노릇이지? 어른들은 상처를 죽을때까지 안고갈거임,0
"정말.. 별로였어요 이탈리아의 아름다움도, 음식의 말도 잘 담아내지 못한 영화.. 성대모사가 영화에 가장 중요한 부분인 줄 알았으면 안봤을텐데 싶네요.",0
식상하고 지루하고 쉬운 영화. 조니뎁이 아니었다면 보지않았을듯.,0
ㅡㅡ 시간버렷다....이걸 끝까지 본 내가 스님이네,0
말도안된다 안면인식장애걸리면 뚱뚱한지 마른지도 구분못하나? 목소리도 구분못하나? 스토리가 안면인식이 아니라 시각상실 청각상실이네,0
주상욱 이거 왜 찍음? 아 안타까움,0
왜 요즘 우리나라 영화는 질낮은 성애 영화'뿐인가;;,0
얘쁘니까 1점.,0
멍청한 스릴러.. 화가 난다! 톰 크루즈!,0
귀여운 아기 바다거북의 모험을 기대 하셨다면 보지 마세요...,0
10년도에 보고 찝찝했던영화 모르고 또봐 찝찝하다..,0
"날 로그인하게 만들다니.... 무려 3시간동안 뭘 애기하고자 한건지... 못생긴 경찰관, 오줌마렵다는 아이를 방관하는 스텝들.... 보는내내 재미는 하나도 없고, 짜증만 나네. 곰플 2배속으로 봤는데도 결말과 동시에 shift+delete해주게 되는.",0
하나도 안무섭고 잠만오는 영화 이런영화를 왜만들었는지,0
이럴수가...10자,0
"잔잔한 로맨스드라마, 한국에선,흥행은 힘들다",0
완전 막장 스토리 노래는 좋았으나 스토리가 말아먹음이렇게 만들꺼면 차라리 후속작을 안만드는게 좋았을듯하다. 이런 막장스토리는 아내의 유혹 이후로처음..,0
자석인간은 sbs에서 방영된적있는 어메이징 랜디님이 없다고 밝혔는데 나오지 않았으면 좋겠다. 나온다면 파우더 바르고 하는것을 보여줬으면 좋겠다.,0
난 지루하네,0
이후로 이런 영화는 쓰레기.,0
"삶에서 그대로 받아들이지 못한 죽음과 폭력을 영상과 사진으로, 그것에 유물이라는 이름이 붙는다면",0
오버하지좀 마라 쓰레기같은 알바들아.. 이건 뭐 XX들도 아니고..,0
역대급 쓰레기 영화 주제에 점수가 너무 높다,0
사막에서 자동차추격전 아스팔스급커브 효과음////,0
완전 C급 영화 시작하자마자 땡중(대사) 적들로 부터 싸움을 시작,0
"프랑스영화 특유의 일상적이고 과장없는 스토리,극적인 요소는 0",0
"탤런트들이 출연하는 성인 TV문학관, 소재가 아깝다....",0
왜 마이너스는 없냐 ㅡ ㅡ,0
늑대가 아니고 미녀와 야수느낌?...,0
우와 진짜끝내는거임 완전 MBC진짜...,0
존스:존ㅡ나 쓰ㅡ레기,0
ㅋㅋㅋ아나 이제 고질라는 미국건데,0
별로라는 쪽에 한 표...,0
아놔 이영화가 좋다는사람들.. 웃겼습니다. ㅎㅎ,0
이 영화때매 내 친구 별명이 영춘권ㅋㅋ,0
", 와 함께 세트로 100원에 보실분?",0
무도가 무너진다 이따위 프로가 1위라니...,0
이게 영화냐?? 만화지...앞뒤가 맞지도 않고..ㅎㅎ,0
기대를 갖고 봤건만.. 역시나 우물귀신..,0
ㅡㅡ하하하 참나 머라표현해야할지,0
개노잼개노잼개노잼개노잼,0
ㅋㅋ 정말 이거 영화라고 만할수있어? 감독 아무리 생활고에 찌들려도 미래를 생각하자,0
오페라의 유령 1편을 보신분들이 본다면 실망할수밖에 없을겁니다 뮤지컬 캣츠 같이 세계적으로 유명한 뮤지컬이기는 하지만 영화라고 하기에는 많은 아쉬움이 있네요,0
괜찮은소재 하지만 머리를 비우고 보시길...,0
허허헉...헉 소리나는 화면의 연속 !!! 기나긴~전초전을 지나서~ 시작이다.,0
모든 선택은 지가 하고 원하는데로 안되니 남한테 화풀이 후 도움 요청 여주 진심 싫다 욕먹은 뒤 도와주는 사람들도 호구,0
왜 네이버는 0점이 없을까 이건 중국이라지만 너무 노골적으로 베꼈다 제작자는 감옥가야한다,0
멍청한 감독과 멍청한 배우가 만나면?,0
단순 액션물과 마찬가지로 남는 것 없는 팝콘 무비. 역시 짐 캐리 최고의 영화는 트루먼 쇼,0
솔직히저는 한국판이 토나올정도로 재미가 없었습니다 일드화차는 한편 문학감상하는 맛이들었구요,0
별점 자체를 주고싶지않은 영화,0
국산 페이크다큐가 갈 길은 아직 한참 먼 것 같다.,0
이게 오늘개봉 존나재미업승ㅁ,0
"액션은 100점, 내용은 -100점, 개그는 10세 이하 수준.",0
정말 재미없어요,0
1점도 아깝다. 충무로 쓰레기 감독.. 발만 넓으면 뭐하니?,0
일본산 삼류치곤 수작이다,0
평에 속았다 ~공포영화조아라해서 vod로 거금8000원이나주고본건데;;윽~~~욕나온다 어찌이게재밌다지?~휴~,0
별점 보고 4000원 날림....ㅠㅠ 억지웃음강요영화...,0
"아무리 눈물 짜내려 만들 영화라도 그렇지.. 재미는 아주 안드로메다에 갖다 팔아먹었네..되도 않는 스토리 가지고 억지 눈물 짜내려는 게 보는 내내 불편했네요. 왜 이리 호평이 많은지도 모르겠고, 이게 대한민국 영화 평점 중에 상위권에 랭크되어있는것도",0
최악..니브캠벨 샤워씬 처음에 잠깐 그걸로 끝...시간아깝다,0
인천유나이티드 지금 깡패 축구하는거나 봐라,0
뭐어 암흑의 힘!? 장난하나 ㅋㅋㅋㅋㅋㅋㅋㅋㅋㅋㅋㅋㅋㅋㅋㅋㅋ,0
평점이 나름 괜찮은거같아서 봤는데 재미없어요...,0
아역때 정말 재밌게 봤는데 성인으로 바뀌고 잼없어요 어색한 연기에 캐스팅 넘 안맞음... ㅡㅡ 볼만한 드라마 생겨서 좋았는데 실망이네요,0
"뒤주아드루아 드 칸텔~이남자의 연기에 경악,뜨악,여배우들이 완전 이쁘다~특히 콜로필드?인가..가난이 사람을 이렇게까지 망가뜨릴 수있구나.하며 씁쓸했어요.그리고 어리석은 여자들의 욕망에도 혀를 찼어요.",0
재미 없긴 했는데 왜 원주율이지..ㅋㅋㅋ일단 1점,0
재미없고 지루하고 뻔하구 청승맞구 휴~~,0
쫌 유치하고 결말도 허무한,0
시간때우기(비디오용)로도 보지마세요,0
ㅋㅋ OOO 내가 영화한번 보면 아무리 재미 없어도 끝까지 보는데 이건 40?분 정도 보고 포기함..,0
하리수라... -_-;;,0
한치 앞을 알 수 없는 연출과 4차원 상상력! (포스터의 글이 틀린 말은 아니다..),0
쩐다 알바천국 ㅋㅋ (10자),0
호러물의 거장 아르젠도 망작에 안착하다.,0
왜이러세요..안그러셨잖아요....,0
이놈 이년 저놈 다 관계가진 관계다양성이 역겹다.,0
↓ 굿,0
내가 써도 이보다는 더 잘 쓸듯 ㅋㅋ,0
너무 거시적관점이다 뉴타입들의 행동거지하나하나가 도대체 이해되질않는다,0
개인적으로 굉장히 싫은 영화... 한명 살리기 위해 도대체 몇 명이 죽어나가는건가...,0
일단 초반엔 상당히 이목을끌고 재미있는데 후반부로 갈수록 먼가 똑같은 연기를 하고 있다는 생각과 똑같은 연기같네요 완성도 부분에서도 상당히 좀 충격받았구요 전 상당히 감동적인 영화 좋아하고 그러는데 이 영화만큼은 정말 기대치 이하였네요..,0
블랙위도우 만드는 영화,0
고등학교떄 본 영화... ㅡㅡ;; 보면서 잤다.,0
관람전 평점 6.61에 미스테리,0
옛날판이 더 좋아,0
지성케릭터가 너무애매하지안았냐?,0
1점도 많네 0점이 적당하다 ㅋㅋ 드라마가 산으로 가네 ㅋㅋㅋㅋ 대박,0
북한군을 인간적으로 묘사하여 당시 논란이되던 문제의작품,0
태어나서이런영화?는처음 접했습니다.거의대학생과제급수준의영화라고나할까그냥..머랄까이건아닌것같습니다.시간날때이거말고그냥잠자는게 이득일거같습니다.,0
"아 느꼈던 모든재미,감정이 여주인공의아빠가나오면서 와장창..",0
25초 광고를 10배로 늘였을 뿐 신선하지도... 재미도 없다,0
이게 영화란 말인가? 화난다...,0
그배경은 분명 현실인데.. 현실성 없는영화,0
"죽는다... 영화2점, 거짓말하는사람들때매 1점감점..",0
몇년동안 본거중에 가장 최악이다 한국영화여서 챙피하다...,0
나는 불호.. 영상미는 인정하지만... 내용이 잔인하고 찝찝하고 짜증남..1점도 아까움,0
내 취향은 아닌듯 배우연기가지고 모라하진 않겠지만 나머지 구성들이 별로인듯,0
재미있다고하는님들 정신줄잡으세요,0
아답답해ㅡㅡ진짜로 화가나서 도저히못보겠어요몇주뒤에 보는건데도아직복수가시작이안됫다니..아오 답답하고짜증나고..제발,0
"무섭지도않고,웃기지도않고,스릴있지도 않고,솔직히 뭐 하나 잘했다고 내세울것 없다. 수학이나 국어 시험을 봤다면 올백을 맞던지 수학 100점, 국어70점 도 아닌 그냥 수학75점 국어 75점 받은 느낌의 잘만든것도 아니고 못만든것도아닌 참 애매한 영화",0
드림웍스가 제작한것처럼 한 문구가 마음에 들지않는다. 드림웍스에 먹칠을 하는일..,0
이걸 영화라고 만드나...,0
말도안되는프로이다.,0
난 솔직히 재미없었어. 코믹요소가 없어서,0
"1,2까지도 억지로 참고 봤는데 무슨 생각으로 이상한 스토리를 추가해 원작에 먹칠을 하는지 이해할 수가 없다. 특히나 제일 실망스러운건 L이 L같지가 않게 변해 버렸다는 점",0
정말 실망이다. 아부를 잘 모른다. 겉만 핥기식,0
피가 아닌 물로 쓰인 뱀파이어 소설,0
이 영화는 볼 만한 영화가 아닙니다...,0
별점테러닷! 이얍!ㅋ,0
예술가의 삶이 다 그런 것,0
톨스토이 너무 어렸고 여자 잘못 만났네.. 볼거리는 많지만 지루한 편이다..도리언그레이의 초상도 친구 잘못 만나면 인생 어떻게 망치는지 보여주던데,0
지금보려면 진짜 유치해서 못보겟더라 ㅋㅋ,0
안나오는 사람 왜 적어놨냐 낚였네ㅡㅡ,0
소통도 없고 관능의 매혹도 없다. 더이상 영화만들지 말았으면.,0
황당그자체의 그저그런영화...,0
스릴러인데 ..너무 지루해,0
중국 미라 꺼졍 이모텝 어디갔어ㅠㅠ,0
진짜 조온나 재미없음... 주온 시리즈 중 최악인 것 같음... 지루해서 죽는줄,0
"봉제기법은 싼티 , 알기 힘든 내러티브",0
뭔가 로맨틱할거 같다고 생각해서 본다면;; no~,0
평점 떨어져라,0
너무재밌어요,0
그래요 처음엔 괜찮았는데 가면갈수록 더 보기 싫어 지는거예요,0
벅스라이프에 밀렸음 ㅋㅋㅋㅋ,0
볼만은 한 영화 But 수작은 아니다,0
보다 잤는데.. 별로던데 초반만 볼만함,0
"아니, 여자가 다 늙고 못생겻고 그런데, 되게 얼굴 본다는게.. 그리고, 자기 얼굴 생각하고, 해야지. 자기 얼굴 이쁜줄 알고 개 고급이네요.",0
포스터에 티파니가 있네.. 영화도 찍었는가?,0
캐스팅 망..ㅡㅜ,0
두서없는 전개가 맘에 안들었지만 웃기기는 웃겼다,0
정말 왜이렇게 높은 것인지 모르겠음. 영화 졸라 허접한데,0
드르렁 쿨쿨,0
버러지 c급 조폭영화 ㅇㅇㅇ,0
전작들보다 못하다... 게다가 마지막 장면을 보면 뭔가 살짝 막짱삘도 느껴지는데;; 전작들하고 완전 사람이 다르잖아 이거...,0
당신이 솔로가 아니면 이 영화를 보지마세요.,0
한국인 정서에 전혀 맞지않는 어설픈 고전판타지,0
추심을 너무 미화하는데ㅎ,0
모든면이 최고인 영화 그러나 역대 최악의 주인공 캐릭이 다 말아먹은 영화...주연을 빼고 악당들만 있다면 4점이상은 될 영화,0
최악,0
아.. 시나리오의 어떤 점을 보고 이 영화에 출연들을 하셨을까..,0
"존 맥클레인의 간지도, 유명한 명대사도 빛바래버렸다. 무의미한 액션신 남발에 집중력과 재미는 최악으로 떨어진다. 4편까지는 좋았잖아요.",0
이영화에서 이경영이 사전들고 되도않는 말꼬투리 말장난 할때부터 장진 영화 안봐,0
이런 스파.. 전설은 아니잖아~!,0
이거 보자는친구 그날 팼음..,0
샘레이미의 네임벨류만 믿고 영화를 봣다간 큰코 다친다.,0
조니오빠 맞을래?ㅋㅋㅋ,0
?내 30년 인생최악의 영화.개연성없음 재미없음 감동없음 스릴없음 반전없음 개념없음 어이없음. 모든게 없는 영화,0
이건 뭐 공포도 아니고 혐오물도 아니고ㅋㅋ,0
극장에서 봤는데 추천한 친구 깔뻔했음,0
결말이 모친출타하셧네,0
아직도 그자리네요 .친딸을 옆에 두고도 몰라본다는 내용도 지겹구 ...빨리빨리 끝내요!!!,0
최신영화 아니죠~ 최악영화! 맞습니다~~,0
전라도사건인데 왜 배경은 강원도로.. 기분나쁘네요,0
지금보기엔 촌스럽다,0
두부공장 차사장.살인마 은희가족을.안타깝다 차사장 지옥가라,0
정말재미없다.. 진짜설정은참신했는데 이렇게밖에 못살리다니..,0
쓰레기,0
화이팅이요 힘내세요~~!,0
"안경끼고눈아파서 OO - - 잡혀간 누나의 태연함의 압권.-,.-",0
평점 0점이 없다는게 안타깝다,0
왜 이렇게 하차가 많은거임 ㅡㅡ 돌비수 연살타 사갈현 모두루약연 고창 등등등 다 없어져 있어 ㅡㅡ,0
명작 편을 골로보내내 그리구 갑자기 프레데터랑 여주랑 뜬금없는동맹 스토리도 골로보내는영화,0
어휴 이거 영화니?,0
연기력이나 표현력은 정말 좋았다. 영화 = 스토리 라고 생각하는 사람이지만 연기력은 참 좋았다. 근데 결말은 뭐지? 엔딩 크레딧 나올때 진짜 육성으로 욕 나왔다. 열린 결말 이라고 포장할수 있는 수준이 아니다. 영화 평론가 가 꿈인 사람들 외엔 비추,0
